id,transaction_id,amount,fraud_probability,prediction,alert_time,severity,date,hour
1,5,1.0,0.9995,1,2026-05-15 14:28:35,HIGH,2026-05-15,14
2,10,802.52,0.8944,1,2026-05-15 14:28:35,MEDIUM,2026-05-15,14
3,12,99.99,0.9997,1,2026-05-15 14:28:35,HIGH,2026-05-15,14
4,17,323.77,0.9442,1,2026-05-15 14:28:35,HIGH,2026-05-15,14
5,20,1.0,0.9996,1,2026-05-15 14:28:35,HIGH,2026-05-15,14
6,22,0.0,0.9977,1,2026-05-15 14:28:36,HIGH,2026-05-15,14
7,23,175.9,0.9996,1,2026-05-15 14:28:36,HIGH,2026-05-15,14
8,25,1402.16,0.9987,1,2026-05-15 14:28:36,HIGH,2026-05-15,14
9,26,318.11,0.9989,1,2026-05-15 14:28:36,HIGH,2026-05-15,14
10,27,111.7,0.9997,1,2026-05-15 14:28:36,HIGH,2026-05-15,14
11,31,0.0,0.9997,1,2026-05-15 14:28:36,HIGH,2026-05-15,14
12,32,1.0,0.9997,1,2026-05-15 14:28:36,HIGH,2026-05-15,14
13,35,1.0,0.9951,1,2026-05-15 14:28:36,HIGH,2026-05-15,14
14,36,1389.56,0.9992,1,2026-05-15 14:28:36,HIGH,2026-05-15,14
15,40,99.99,0.9997,1,2026-05-15 14:28:36,HIGH,2026-05-15,14
16,41,8.64,0.9997,1,2026-05-15 14:28:37,HIGH,2026-05-15,14
17,42,1.0,0.9997,1,2026-05-15 14:28:37,HIGH,2026-05-15,14
18,43,37.93,0.9997,1,2026-05-15 14:28:37,HIGH,2026-05-15,14
19,45,316.06,0.9997,1,2026-05-15 14:28:37,HIGH,2026-05-15,14
20,46,240.77,0.9997,1,2026-05-15 14:28:37,HIGH,2026-05-15,14
21,49,10.7,0.9994,1,2026-05-15 14:28:37,HIGH,2026-05-15,14
22,53,0.2,0.8203,1,2026-05-15 14:28:37,MEDIUM,2026-05-15,14
23,55,1.0,0.9996,1,2026-05-15 14:28:37,HIGH,2026-05-15,14
24,56,0.0,0.9996,1,2026-05-15 14:28:37,HIGH,2026-05-15,14
25,58,1.0,0.9996,1,2026-05-15 14:28:37,HIGH,2026-05-15,14
26,59,7.53,0.9996,1,2026-05-15 14:28:37,HIGH,2026-05-15,14
27,61,0.01,0.9997,1,2026-05-15 14:28:38,HIGH,2026-05-15,14
28,62,1.0,0.9996,1,2026-05-15 14:28:38,HIGH,2026-05-15,14
29,64,1.1,0.9995,1,2026-05-15 14:28:38,HIGH,2026-05-15,14
30,69,99.99,0.9997,1,2026-05-15 14:28:38,HIGH,2026-05-15,14
31,71,1.0,0.948,1,2026-05-15 14:28:38,HIGH,2026-05-15,14
32,75,600.73,0.9977,1,2026-05-15 14:28:38,HIGH,2026-05-15,14
33,76,1.0,0.9923,1,2026-05-15 14:28:38,HIGH,2026-05-15,14
34,78,3.79,0.8699,1,2026-05-15 14:28:38,MEDIUM,2026-05-15,14
35,80,30.31,0.9997,1,2026-05-15 14:28:38,HIGH,2026-05-15,14
36,82,99.99,0.9997,1,2026-05-15 14:28:39,HIGH,2026-05-15,14
37,83,252.92,0.9997,1,2026-05-15 14:28:39,HIGH,2026-05-15,14
38,84,99.99,0.9997,1,2026-05-15 14:28:39,HIGH,2026-05-15,14
39,85,1.0,0.9996,1,2026-05-15 14:28:39,HIGH,2026-05-15,14
40,90,1.0,0.7718,1,2026-05-15 14:28:39,MEDIUM,2026-05-15,14
41,91,480.72,0.8929,1,2026-05-15 14:28:39,MEDIUM,2026-05-15,14
42,92,0.0,0.9989,1,2026-05-15 14:28:39,HIGH,2026-05-15,14
43,94,1354.25,0.9989,1,2026-05-15 14:28:39,HIGH,2026-05-15,14
44,96,237.26,0.9914,1,2026-05-15 14:28:39,HIGH,2026-05-15,14
45,98,19.02,0.9969,1,2026-05-15 14:28:39,HIGH,2026-05-15,14
46,99,99.99,0.9997,1,2026-05-15 14:28:39,HIGH,2026-05-15,14
47,102,186.13,0.9994,1,2026-05-15 14:28:40,HIGH,2026-05-15,14
48,104,1.0,0.9834,1,2026-05-15 14:28:40,HIGH,2026-05-15,14
49,109,99.99,0.9997,1,2026-05-15 14:28:40,HIGH,2026-05-15,14
50,115,0.0,0.9996,1,2026-05-15 14:28:40,HIGH,2026-05-15,14
51,116,1.1,0.9889,1,2026-05-15 14:28:40,HIGH,2026-05-15,14
52,117,153.46,0.9997,1,2026-05-15 14:28:40,HIGH,2026-05-15,14
53,120,75.86,0.9996,1,2026-05-15 14:28:40,HIGH,2026-05-15,14
54,122,1.59,0.9995,1,2026-05-15 14:28:41,HIGH,2026-05-15,14
55,124,60.0,0.9737,1,2026-05-15 14:28:41,HIGH,2026-05-15,14
56,125,0.76,0.7807,1,2026-05-15 14:28:41,MEDIUM,2026-05-15,14
57,128,1.0,0.9997,1,2026-05-15 14:28:41,HIGH,2026-05-15,14
58,133,0.0,0.9997,1,2026-05-15 14:28:41,HIGH,2026-05-15,14
59,136,1.0,0.9996,1,2026-05-15 14:28:41,HIGH,2026-05-15,14
60,137,459.07,0.9994,1,2026-05-15 14:28:41,HIGH,2026-05-15,14
61,138,0.0,0.9721,1,2026-05-15 14:28:41,HIGH,2026-05-15,14
62,139,1.0,0.9996,1,2026-05-15 14:28:41,HIGH,2026-05-15,14
63,140,99.99,0.9997,1,2026-05-15 14:28:41,HIGH,2026-05-15,14
64,141,1218.89,0.9896,1,2026-05-15 14:28:42,HIGH,2026-05-15,14
65,142,99.85,0.9997,1,2026-05-15 14:28:42,HIGH,2026-05-15,14
66,144,451.27,0.8537,1,2026-05-15 14:28:42,MEDIUM,2026-05-15,14
67,148,30.14,0.7477,1,2026-05-15 14:28:42,MEDIUM,2026-05-15,14
68,150,33.76,0.6103,1,2026-05-15 14:28:42,LOW,2026-05-15,14
69,152,0.76,0.9996,1,2026-05-15 14:28:42,HIGH,2026-05-15,14
70,154,122.68,0.9996,1,2026-05-15 14:28:42,HIGH,2026-05-15,14
71,156,7.06,0.9713,1,2026-05-15 14:28:42,HIGH,2026-05-15,14
72,157,104.03,0.9997,1,2026-05-15 14:28:42,HIGH,2026-05-15,14
73,159,3.76,0.9711,1,2026-05-15 14:28:42,HIGH,2026-05-15,14
74,167,44.9,0.9997,1,2026-05-15 14:28:43,HIGH,2026-05-15,14
75,169,11.4,0.9996,1,2026-05-15 14:28:43,HIGH,2026-05-15,14
76,170,1.0,0.9997,1,2026-05-15 14:28:43,HIGH,2026-05-15,14
77,171,2125.87,0.8583,1,2026-05-15 14:28:43,MEDIUM,2026-05-15,14
78,172,0.38,0.999,1,2026-05-15 14:28:43,HIGH,2026-05-15,14
79,173,112.33,0.9997,1,2026-05-15 14:28:43,HIGH,2026-05-15,14
80,175,349.08,0.9984,1,2026-05-15 14:28:43,HIGH,2026-05-15,14
81,176,45.51,0.9997,1,2026-05-15 14:28:43,HIGH,2026-05-15,14
82,177,1.0,0.926,1,2026-05-15 14:28:43,HIGH,2026-05-15,14
83,178,106.9,0.9996,1,2026-05-15 14:28:43,HIGH,2026-05-15,14
84,183,2.0,0.9995,1,2026-05-15 14:28:43,HIGH,2026-05-15,14
85,186,99.99,0.9996,1,2026-05-15 14:28:44,HIGH,2026-05-15,14
86,188,3.22,0.7293,1,2026-05-15 14:28:44,MEDIUM,2026-05-15,14
87,194,18.98,0.9976,1,2026-05-15 14:28:44,HIGH,2026-05-15,14
88,195,1.0,0.9991,1,2026-05-15 14:28:44,HIGH,2026-05-15,14
89,196,2.0,0.9989,1,2026-05-15 14:28:44,HIGH,2026-05-15,14
90,197,0.76,0.9943,1,2026-05-15 14:28:44,HIGH,2026-05-15,14
91,198,1.0,0.9835,1,2026-05-15 14:28:44,HIGH,2026-05-15,14
92,200,99.99,0.9997,1,2026-05-15 14:28:44,HIGH,2026-05-15,14
93,201,1.0,0.998,1,2026-05-15 14:28:44,HIGH,2026-05-15,14
94,207,99.99,0.9997,1,2026-05-15 14:28:45,HIGH,2026-05-15,14
95,211,99.99,0.9997,1,2026-05-15 14:28:45,HIGH,2026-05-15,14
96,212,1.0,0.9973,1,2026-05-15 14:28:45,HIGH,2026-05-15,14
97,216,1.0,0.9996,1,2026-05-15 14:28:45,HIGH,2026-05-15,14
98,218,219.8,0.9996,1,2026-05-15 14:28:45,HIGH,2026-05-15,14
99,221,188.52,0.9997,1,2026-05-15 14:28:45,HIGH,2026-05-15,14
100,224,1.0,0.9996,1,2026-05-15 14:28:45,HIGH,2026-05-15,14
101,226,239.93,0.909,1,2026-05-15 14:28:46,HIGH,2026-05-15,14
102,228,0.0,0.9996,1,2026-05-15 14:28:46,HIGH,2026-05-15,14
103,231,346.94,0.9996,1,2026-05-15 14:28:46,HIGH,2026-05-15,14
104,233,12.31,0.9248,1,2026-05-15 14:28:46,HIGH,2026-05-15,14
105,235,1.0,0.9996,1,2026-05-15 14:28:46,HIGH,2026-05-15,14
106,236,30.39,0.9997,1,2026-05-15 14:28:46,HIGH,2026-05-15,14
107,239,1.0,0.954,1,2026-05-15 14:28:46,HIGH,2026-05-15,14
108,240,1.0,0.9971,1,2026-05-15 14:28:46,HIGH,2026-05-15,14
109,241,59.0,0.9393,1,2026-05-15 14:28:46,HIGH,2026-05-15,14
110,242,101.5,0.9994,1,2026-05-15 14:28:46,HIGH,2026-05-15,14
111,245,30.31,0.9997,1,2026-05-15 14:28:47,HIGH,2026-05-15,14
112,246,0.76,0.9997,1,2026-05-15 14:28:47,HIGH,2026-05-15,14
113,247,0.0,0.9989,1,2026-05-15 14:28:47,HIGH,2026-05-15,14
114,248,99.99,0.9997,1,2026-05-15 14:28:47,HIGH,2026-05-15,14
115,249,30.3,0.948,1,2026-05-15 14:28:47,HIGH,2026-05-15,14
116,250,38.76,0.986,1,2026-05-15 14:28:47,HIGH,2026-05-15,14
117,251,0.68,0.9939,1,2026-05-15 14:28:47,HIGH,2026-05-15,14
118,255,120.54,0.9796,1,2026-05-15 14:28:47,HIGH,2026-05-15,14
119,256,1.63,0.9996,1,2026-05-15 14:28:47,HIGH,2026-05-15,14
120,260,1.0,0.9994,1,2026-05-15 14:28:47,HIGH,2026-05-15,14
121,262,0.77,0.9996,1,2026-05-15 14:28:47,HIGH,2026-05-15,14
122,263,9.13,0.9997,1,2026-05-15 14:28:47,HIGH,2026-05-15,14
123,264,0.0,0.9997,1,2026-05-15 14:28:47,HIGH,2026-05-15,14
124,265,65.0,0.9996,1,2026-05-15 14:28:47,HIGH,2026-05-15,14
125,268,276.17,0.9075,1,2026-05-15 14:28:48,HIGH,2026-05-15,14
126,270,723.21,0.933,1,2026-05-15 14:28:48,HIGH,2026-05-15,14
127,271,245.0,0.9995,1,2026-05-15 14:28:48,HIGH,2026-05-15,14
128,272,88.23,0.9997,1,2026-05-15 14:28:48,HIGH,2026-05-15,14
129,274,254.76,0.9997,1,2026-05-15 14:28:48,HIGH,2026-05-15,14
130,276,1.0,0.9996,1,2026-05-15 14:28:48,HIGH,2026-05-15,14
131,277,113.92,0.9996,1,2026-05-15 14:28:48,HIGH,2026-05-15,14
132,279,0.68,0.99,1,2026-05-15 14:28:48,HIGH,2026-05-15,14
133,283,238.9,0.9995,1,2026-05-15 14:28:48,HIGH,2026-05-15,14
134,284,261.22,0.8382,1,2026-05-15 14:28:48,MEDIUM,2026-05-15,14
135,285,290.18,0.6486,1,2026-05-15 14:28:48,LOW,2026-05-15,14
136,287,105.89,0.9867,1,2026-05-15 14:28:49,HIGH,2026-05-15,14
137,288,247.86,0.9854,1,2026-05-15 14:28:49,HIGH,2026-05-15,14
138,289,1.0,0.9996,1,2026-05-15 14:28:49,HIGH,2026-05-15,14
139,294,0.77,0.9995,1,2026-05-15 14:28:49,HIGH,2026-05-15,14
140,295,11.0,0.9993,1,2026-05-15 14:28:49,HIGH,2026-05-15,14
141,296,4.97,0.9995,1,2026-05-15 14:28:49,HIGH,2026-05-15,14
142,298,0.76,0.9997,1,2026-05-15 14:28:49,HIGH,2026-05-15,14
143,299,1.0,0.9986,1,2026-05-15 14:28:49,HIGH,2026-05-15,14
144,300,1.0,0.7881,1,2026-05-15 14:28:49,MEDIUM,2026-05-15,14
145,302,0.01,0.9997,1,2026-05-15 14:28:49,HIGH,2026-05-15,14
146,303,0.0,0.7507,1,2026-05-15 14:28:49,MEDIUM,2026-05-15,14
147,304,996.27,0.9854,1,2026-05-15 14:28:49,HIGH,2026-05-15,14
148,307,0.92,0.908,1,2026-05-15 14:28:50,HIGH,2026-05-15,14
149,315,357.95,0.9051,1,2026-05-15 14:28:50,HIGH,2026-05-15,14
150,316,1504.93,0.9973,1,2026-05-15 14:28:50,HIGH,2026-05-15,14
151,317,1.0,0.9996,1,2026-05-15 14:28:50,HIGH,2026-05-15,14
152,320,294.9,0.9997,1,2026-05-15 14:28:50,HIGH,2026-05-15,14
153,321,99.99,0.9997,1,2026-05-15 14:28:50,HIGH,2026-05-15,14
154,322,1.0,0.9997,1,2026-05-15 14:28:50,HIGH,2026-05-15,14
155,323,78.0,0.9997,1,2026-05-15 14:28:50,HIGH,2026-05-15,14
156,327,0.01,0.9985,1,2026-05-15 14:28:51,HIGH,2026-05-15,14
157,328,19.95,0.5415,1,2026-05-15 14:28:51,LOW,2026-05-15,14
158,330,39.45,0.9996,1,2026-05-15 14:28:51,HIGH,2026-05-15,14
159,332,1.0,0.9996,1,2026-05-15 14:28:51,HIGH,2026-05-15,14
160,335,0.0,0.7334,1,2026-05-15 14:28:51,MEDIUM,2026-05-15,14
161,336,1.0,0.9996,1,2026-05-15 14:28:51,HIGH,2026-05-15,14
162,341,0.77,0.9996,1,2026-05-15 14:28:51,HIGH,2026-05-15,14
163,344,37.32,0.9997,1,2026-05-15 14:28:51,HIGH,2026-05-15,14
164,345,0.01,0.999,1,2026-05-15 14:28:51,HIGH,2026-05-15,14
165,346,94.82,0.9996,1,2026-05-15 14:28:52,HIGH,2026-05-15,14
166,349,18.96,0.9995,1,2026-05-15 14:28:52,HIGH,2026-05-15,14
167,351,130.44,0.9997,1,2026-05-15 14:28:52,HIGH,2026-05-15,14
168,352,252.92,0.9997,1,2026-05-15 14:28:52,HIGH,2026-05-15,14
169,354,99.99,0.9997,1,2026-05-15 14:28:52,HIGH,2026-05-15,14
170,355,18.0,0.9987,1,2026-05-15 14:28:52,HIGH,2026-05-15,14
171,356,106.55,0.9997,1,2026-05-15 14:28:52,HIGH,2026-05-15,14
172,357,316.06,0.9997,1,2026-05-15 14:28:52,HIGH,2026-05-15,14
173,358,1.59,0.9995,1,2026-05-15 14:28:52,HIGH,2026-05-15,14
174,359,33.59,0.9993,1,2026-05-15 14:28:52,HIGH,2026-05-15,14
175,360,648.0,0.9996,1,2026-05-15 14:28:52,HIGH,2026-05-15,14
176,361,0.0,0.9995,1,2026-05-15 14:28:52,HIGH,2026-05-15,14
177,363,172.32,0.9997,1,2026-05-15 14:28:52,HIGH,2026-05-15,14
178,364,51.37,0.9995,1,2026-05-15 14:28:52,HIGH,2026-05-15,14
179,365,99.99,0.9997,1,2026-05-15 14:28:52,HIGH,2026-05-15,14
180,366,1.0,0.9995,1,2026-05-15 14:28:53,HIGH,2026-05-15,14
181,368,1.75,0.9995,1,2026-05-15 14:28:53,HIGH,2026-05-15,14
182,369,925.31,0.9961,1,2026-05-15 14:28:53,HIGH,2026-05-15,14
183,373,1.0,0.9995,1,2026-05-15 14:28:53,HIGH,2026-05-15,14
184,374,8.0,0.9995,1,2026-05-15 14:28:53,HIGH,2026-05-15,14
185,375,1.0,0.9995,1,2026-05-15 14:28:53,HIGH,2026-05-15,14
186,377,127.14,0.9997,1,2026-05-15 14:28:53,HIGH,2026-05-15,14
187,378,23.36,0.9895,1,2026-05-15 14:28:53,HIGH,2026-05-15,14
188,381,426.4,0.9993,1,2026-05-15 14:28:53,HIGH,2026-05-15,14
189,382,204.27,0.9989,1,2026-05-15 14:28:53,HIGH,2026-05-15,14
190,384,3.79,0.9789,1,2026-05-15 14:28:53,HIGH,2026-05-15,14
191,385,101.5,0.9984,1,2026-05-15 14:28:53,HIGH,2026-05-15,14
192,388,364.19,0.9896,1,2026-05-15 14:28:53,HIGH,2026-05-15,14
193,391,7.52,0.9997,1,2026-05-15 14:28:54,HIGH,2026-05-15,14
194,392,3.93,0.7559,1,2026-05-15 14:28:54,MEDIUM,2026-05-15,14
195,394,0.76,0.9992,1,2026-05-15 14:28:54,HIGH,2026-05-15,14
196,396,3.12,0.9435,1,2026-05-15 14:28:54,HIGH,2026-05-15,14
197,397,0.76,0.929,1,2026-05-15 14:28:54,HIGH,2026-05-15,14
198,398,1.0,0.9996,1,2026-05-15 14:28:54,HIGH,2026-05-15,14
199,401,1809.68,0.5584,1,2026-05-15 14:28:54,LOW,2026-05-15,14
200,402,7.59,0.6952,1,2026-05-15 14:28:54,LOW,2026-05-15,14
201,408,22.04,0.9974,1,2026-05-15 14:28:54,HIGH,2026-05-15,14
202,409,1.0,0.9996,1,2026-05-15 14:28:54,HIGH,2026-05-15,14
203,414,1.0,0.9997,1,2026-05-15 14:28:55,HIGH,2026-05-15,14
204,421,1.0,0.9996,1,2026-05-15 14:28:55,HIGH,2026-05-15,14
205,423,39.9,0.9866,1,2026-05-15 14:28:55,HIGH,2026-05-15,14
206,425,2.0,0.9958,1,2026-05-15 14:28:55,HIGH,2026-05-15,14
207,426,25.0,0.9976,1,2026-05-15 14:28:55,HIGH,2026-05-15,14
208,427,0.68,0.999,1,2026-05-15 14:28:55,HIGH,2026-05-15,14
209,428,99.99,0.9997,1,2026-05-15 14:28:55,HIGH,2026-05-15,14
210,430,0.0,0.9997,1,2026-05-15 14:28:55,HIGH,2026-05-15,14
211,431,6.99,0.9486,1,2026-05-15 14:28:55,HIGH,2026-05-15,14
212,432,144.62,0.9994,1,2026-05-15 14:28:56,HIGH,2026-05-15,14
213,433,80.22,0.9994,1,2026-05-15 14:28:56,HIGH,2026-05-15,14
214,434,6.74,0.9997,1,2026-05-15 14:28:56,HIGH,2026-05-15,14
215,435,1.0,0.9997,1,2026-05-15 14:28:56,HIGH,2026-05-15,14
216,436,1.0,0.9994,1,2026-05-15 14:28:56,HIGH,2026-05-15,14
217,437,311.91,0.9199,1,2026-05-15 14:28:56,HIGH,2026-05-15,14
218,438,67.9,0.9995,1,2026-05-15 14:28:56,HIGH,2026-05-15,14
219,441,549.06,0.7448,1,2026-05-15 14:28:56,MEDIUM,2026-05-15,14
220,448,261.87,0.6249,1,2026-05-15 14:28:56,LOW,2026-05-15,14
221,453,39.45,0.9995,1,2026-05-15 14:28:57,HIGH,2026-05-15,14
222,454,360.0,0.9976,1,2026-05-15 14:28:57,HIGH,2026-05-15,14
223,455,99.9,0.9997,1,2026-05-15 14:28:57,HIGH,2026-05-15,14
224,459,80.9,0.998,1,2026-05-15 14:28:57,HIGH,2026-05-15,14
225,460,1.0,0.9997,1,2026-05-15 14:28:57,HIGH,2026-05-15,14
226,461,99.99,0.9997,1,2026-05-15 14:28:57,HIGH,2026-05-15,14
227,462,88.23,0.9997,1,2026-05-15 14:28:57,HIGH,2026-05-15,14
228,465,345.0,0.9689,1,2026-05-15 14:28:57,HIGH,2026-05-15,14
229,466,1.0,0.9296,1,2026-05-15 14:28:57,HIGH,2026-05-15,14
230,467,5.3,0.9997,1,2026-05-15 14:28:57,HIGH,2026-05-15,14
231,468,1.18,0.9996,1,2026-05-15 14:28:57,HIGH,2026-05-15,14
232,470,0.77,0.9996,1,2026-05-15 14:28:57,HIGH,2026-05-15,14
233,471,144.8,0.9996,1,2026-05-15 14:28:57,HIGH,2026-05-15,14
234,472,19.02,0.9997,1,2026-05-15 14:28:57,HIGH,2026-05-15,14
235,474,1.52,0.5603,1,2026-05-15 14:28:58,LOW,2026-05-15,14
236,475,147.87,0.9993,1,2026-05-15 14:28:58,HIGH,2026-05-15,14
237,482,60.6,0.9994,1,2026-05-15 14:28:58,HIGH,2026-05-15,14
238,483,1.0,0.9989,1,2026-05-15 14:28:58,HIGH,2026-05-15,14
239,484,22.47,0.8834,1,2026-05-15 14:28:58,MEDIUM,2026-05-15,14
240,486,766.36,0.9997,1,2026-05-15 14:28:58,HIGH,2026-05-15,14
241,487,1.0,0.9997,1,2026-05-15 14:28:58,HIGH,2026-05-15,14
242,488,9.82,0.9987,1,2026-05-15 14:28:58,HIGH,2026-05-15,14
243,489,99.99,0.9997,1,2026-05-15 14:28:58,HIGH,2026-05-15,14
244,494,111.7,0.9997,1,2026-05-15 14:28:59,HIGH,2026-05-15,14
245,495,0.0,0.9879,1,2026-05-15 14:28:59,HIGH,2026-05-15,14
246,496,1.0,0.9996,1,2026-05-15 14:28:59,HIGH,2026-05-15,14
247,497,1.0,0.9997,1,2026-05-15 14:28:59,HIGH,2026-05-15,14
248,498,0.0,0.9997,1,2026-05-15 14:28:59,HIGH,2026-05-15,14
249,503,727.91,0.9994,1,2026-05-15 14:28:59,HIGH,2026-05-15,14
250,508,1.0,0.9857,1,2026-05-15 14:28:59,HIGH,2026-05-15,14
251,511,1.0,0.9921,1,2026-05-15 14:28:59,HIGH,2026-05-15,14
252,513,2.28,0.9996,1,2026-05-15 14:28:59,HIGH,2026-05-15,14
253,514,1.0,0.9996,1,2026-05-15 14:28:59,HIGH,2026-05-15,14
254,515,1.63,0.9997,1,2026-05-15 14:28:59,HIGH,2026-05-15,14
255,517,489.71,0.9993,1,2026-05-15 14:29:00,HIGH,2026-05-15,14
256,518,0.83,0.9997,1,2026-05-15 14:29:00,HIGH,2026-05-15,14
257,520,1.0,0.9996,1,2026-05-15 14:29:00,HIGH,2026-05-15,14
258,521,17.06,0.9994,1,2026-05-15 14:29:00,HIGH,2026-05-15,14
259,524,104.0,0.9997,1,2026-05-15 14:29:00,HIGH,2026-05-15,14
260,525,1.0,0.9713,1,2026-05-15 14:29:00,HIGH,2026-05-15,14
261,528,454.82,0.9993,1,2026-05-15 14:29:00,HIGH,2026-05-15,14
262,530,0.76,0.9009,1,2026-05-15 14:29:00,HIGH,2026-05-15,14
263,532,99.99,0.9997,1,2026-05-15 14:29:00,HIGH,2026-05-15,14
264,534,9.21,0.962,1,2026-05-15 14:29:00,HIGH,2026-05-15,14
265,536,17.39,0.9588,1,2026-05-15 14:29:00,HIGH,2026-05-15,14
266,537,1.0,0.9991,1,2026-05-15 14:29:00,HIGH,2026-05-15,14
267,538,730.86,0.9965,1,2026-05-15 14:29:00,HIGH,2026-05-15,14
268,540,1.0,0.9997,1,2026-05-15 14:29:01,HIGH,2026-05-15,14
269,541,0.01,0.9997,1,2026-05-15 14:29:01,HIGH,2026-05-15,14
270,542,2.0,0.9993,1,2026-05-15 14:29:01,HIGH,2026-05-15,14
271,543,824.83,0.9945,1,2026-05-15 14:29:01,HIGH,2026-05-15,14
272,544,390.0,0.9993,1,2026-05-15 14:29:01,HIGH,2026-05-15,14
273,545,1.52,0.9997,1,2026-05-15 14:29:01,HIGH,2026-05-15,14
274,550,59.68,0.9997,1,2026-05-15 14:29:01,HIGH,2026-05-15,14
275,551,11.38,0.9997,1,2026-05-15 14:29:01,HIGH,2026-05-15,14
276,552,156.0,0.9991,1,2026-05-15 14:29:01,HIGH,2026-05-15,14
277,554,99.99,0.9893,1,2026-05-15 14:29:01,HIGH,2026-05-15,14
278,557,93.35,0.9962,1,2026-05-15 14:29:01,HIGH,2026-05-15,14
279,558,512.25,0.9997,1,2026-05-15 14:29:01,HIGH,2026-05-15,14
280,559,188.78,0.9996,1,2026-05-15 14:29:02,HIGH,2026-05-15,14
281,560,2.27,0.9987,1,2026-05-15 14:29:02,HIGH,2026-05-15,14
282,561,270.0,0.9995,1,2026-05-15 14:29:02,HIGH,2026-05-15,14
283,565,1.0,0.998,1,2026-05-15 14:29:02,HIGH,2026-05-15,14
284,566,1.0,0.9997,1,2026-05-15 14:29:02,HIGH,2026-05-15,14
285,568,188.52,0.9997,1,2026-05-15 14:29:02,HIGH,2026-05-15,14
286,569,2.28,0.9997,1,2026-05-15 14:29:02,HIGH,2026-05-15,14
287,572,173.07,0.9995,1,2026-05-15 14:29:02,HIGH,2026-05-15,14
288,574,1.0,0.9996,1,2026-05-15 14:29:02,HIGH,2026-05-15,14
289,575,0.76,0.9997,1,2026-05-15 14:29:02,HIGH,2026-05-15,14
290,577,1.0,0.999,1,2026-05-15 14:29:02,HIGH,2026-05-15,14
291,578,296.0,0.9968,1,2026-05-15 14:29:02,HIGH,2026-05-15,14
292,579,0.69,0.8775,1,2026-05-15 14:29:03,MEDIUM,2026-05-15,14
293,581,1.0,0.9996,1,2026-05-15 14:29:03,HIGH,2026-05-15,14
294,582,1.0,0.9997,1,2026-05-15 14:29:03,HIGH,2026-05-15,14
295,586,320.01,0.9996,1,2026-05-15 14:29:03,HIGH,2026-05-15,14
296,590,112.45,0.9961,1,2026-05-15 14:29:03,HIGH,2026-05-15,14
297,596,1.0,0.9995,1,2026-05-15 14:29:03,HIGH,2026-05-15,14
298,597,52.69,0.9996,1,2026-05-15 14:29:03,HIGH,2026-05-15,14
299,601,1.0,0.9996,1,2026-05-15 14:29:04,HIGH,2026-05-15,14
300,602,0.76,0.9997,1,2026-05-15 14:29:04,HIGH,2026-05-15,14
301,603,571.48,0.929,1,2026-05-15 14:29:04,HIGH,2026-05-15,14
302,604,129.0,0.6653,1,2026-05-15 14:29:04,LOW,2026-05-15,14
303,607,1.0,0.9997,1,2026-05-15 14:29:04,HIGH,2026-05-15,14
304,608,83.38,0.9997,1,2026-05-15 14:29:04,HIGH,2026-05-15,14
305,611,0.83,0.9997,1,2026-05-15 14:29:04,HIGH,2026-05-15,14
306,612,209.65,0.9997,1,2026-05-15 14:29:04,HIGH,2026-05-15,14
307,620,1.0,0.9996,1,2026-05-15 14:29:04,HIGH,2026-05-15,14
308,622,7.58,0.8293,1,2026-05-15 14:29:04,MEDIUM,2026-05-15,14
309,624,0.76,0.9994,1,2026-05-15 14:29:05,HIGH,2026-05-15,14
310,625,1.0,0.9994,1,2026-05-15 14:29:05,HIGH,2026-05-15,14
311,627,1.0,0.9996,1,2026-05-15 14:29:05,HIGH,2026-05-15,14
312,632,39.98,0.9952,1,2026-05-15 14:29:05,HIGH,2026-05-15,14
313,633,1.18,0.9996,1,2026-05-15 14:29:05,HIGH,2026-05-15,14
314,636,1.0,0.9996,1,2026-05-15 14:29:05,HIGH,2026-05-15,14
315,637,1.0,0.9981,1,2026-05-15 14:29:05,HIGH,2026-05-15,14
316,639,1.0,0.9556,1,2026-05-15 14:29:05,HIGH,2026-05-15,14
317,641,40.0,0.8293,1,2026-05-15 14:29:05,MEDIUM,2026-05-15,14
318,642,1.0,0.9996,1,2026-05-15 14:29:06,HIGH,2026-05-15,14
319,643,1.0,0.9997,1,2026-05-15 14:29:06,HIGH,2026-05-15,14
320,645,4.87,0.9993,1,2026-05-15 14:29:06,HIGH,2026-05-15,14
321,646,0.77,0.9983,1,2026-05-15 14:29:06,HIGH,2026-05-15,14
322,651,5.09,0.8887,1,2026-05-15 14:29:06,MEDIUM,2026-05-15,14
323,659,19.73,0.9991,1,2026-05-15 14:29:06,HIGH,2026-05-15,14
324,661,1.0,0.9996,1,2026-05-15 14:29:06,HIGH,2026-05-15,14
325,665,3.79,0.9997,1,2026-05-15 14:29:07,HIGH,2026-05-15,14
326,666,1.0,0.9996,1,2026-05-15 14:29:07,HIGH,2026-05-15,14
327,668,776.83,0.9215,1,2026-05-15 14:29:07,HIGH,2026-05-15,14
328,669,8.0,0.8973,1,2026-05-15 14:29:07,MEDIUM,2026-05-15,14
329,670,0.77,0.9986,1,2026-05-15 14:29:07,HIGH,2026-05-15,14
330,675,30.26,0.9997,1,2026-05-15 14:29:07,HIGH,2026-05-15,14
331,676,1.0,0.9996,1,2026-05-15 14:29:07,HIGH,2026-05-15,14
332,677,105.99,0.811,1,2026-05-15 14:29:07,MEDIUM,2026-05-15,14
333,678,195.66,0.9987,1,2026-05-15 14:29:07,HIGH,2026-05-15,14
334,680,180.0,0.999,1,2026-05-15 14:29:07,HIGH,2026-05-15,14
335,684,1.0,0.9986,1,2026-05-15 14:29:07,HIGH,2026-05-15,14
336,686,1.0,0.9997,1,2026-05-15 14:29:07,HIGH,2026-05-15,14
337,687,0.76,0.9832,1,2026-05-15 14:29:08,HIGH,2026-05-15,14
338,689,1.0,0.9855,1,2026-05-15 14:29:08,HIGH,2026-05-15,14
339,690,78.0,0.9997,1,2026-05-15 14:29:08,HIGH,2026-05-15,14
340,696,7.57,0.9936,1,2026-05-15 14:29:08,HIGH,2026-05-15,14
341,698,44.9,0.9997,1,2026-05-15 14:29:08,HIGH,2026-05-15,14
342,699,1.0,0.9996,1,2026-05-15 14:29:08,HIGH,2026-05-15,14
343,700,1.0,0.9993,1,2026-05-15 14:29:08,HIGH,2026-05-15,14
344,706,0.76,0.9095,1,2026-05-15 14:29:09,HIGH,2026-05-15,14
345,707,24.9,0.7786,1,2026-05-15 14:29:09,MEDIUM,2026-05-15,14
346,708,88.0,0.9992,1,2026-05-15 14:29:09,HIGH,2026-05-15,14
347,713,119.74,0.9997,1,2026-05-15 14:29:09,HIGH,2026-05-15,14
348,714,94.82,0.9997,1,2026-05-15 14:29:09,HIGH,2026-05-15,14
349,715,18.96,0.9977,1,2026-05-15 14:29:09,HIGH,2026-05-15,14
350,716,1.0,0.9997,1,2026-05-15 14:29:09,HIGH,2026-05-15,14
351,717,45.49,0.9997,1,2026-05-15 14:29:09,HIGH,2026-05-15,14
352,720,1.0,0.9996,1,2026-05-15 14:29:09,HIGH,2026-05-15,14
353,722,45.64,0.9995,1,2026-05-15 14:29:09,HIGH,2026-05-15,14
354,724,310.42,0.9997,1,2026-05-15 14:29:09,HIGH,2026-05-15,14
355,725,1.0,0.9993,1,2026-05-15 14:29:09,HIGH,2026-05-15,14
356,726,723.21,0.9996,1,2026-05-15 14:29:09,HIGH,2026-05-15,14
357,727,118.3,0.9997,1,2026-05-15 14:29:10,HIGH,2026-05-15,14
358,728,170.92,0.9997,1,2026-05-15 14:29:10,HIGH,2026-05-15,14
359,729,5.91,0.9918,1,2026-05-15 14:29:10,HIGH,2026-05-15,14
360,730,9.29,0.9866,1,2026-05-15 14:29:10,HIGH,2026-05-15,14
361,731,124.53,0.9996,1,2026-05-15 14:29:10,HIGH,2026-05-15,14
362,732,667.55,0.9997,1,2026-05-15 14:29:10,HIGH,2026-05-15,14
363,738,34.12,0.9997,1,2026-05-15 14:29:10,HIGH,2026-05-15,14
364,740,592.9,0.9996,1,2026-05-15 14:29:10,HIGH,2026-05-15,14
365,754,130.21,0.9996,1,2026-05-15 14:29:11,HIGH,2026-05-15,14
366,757,512.25,0.9997,1,2026-05-15 14:29:11,HIGH,2026-05-15,14
367,759,57.73,0.9997,1,2026-05-15 14:29:11,HIGH,2026-05-15,14
368,761,340.11,0.9997,1,2026-05-15 14:29:11,HIGH,2026-05-15,14
369,763,1.0,0.8428,1,2026-05-15 14:29:11,MEDIUM,2026-05-15,14
370,767,7.18,0.7238,1,2026-05-15 14:29:11,MEDIUM,2026-05-15,14
371,770,227.3,0.9994,1,2026-05-15 14:29:12,HIGH,2026-05-15,14
372,773,1.0,0.9996,1,2026-05-15 14:29:12,HIGH,2026-05-15,14
373,775,0.0,0.7123,1,2026-05-15 14:29:12,MEDIUM,2026-05-15,14
374,778,105.89,0.9964,1,2026-05-15 14:29:12,HIGH,2026-05-15,14
375,779,1.0,0.7257,1,2026-05-15 14:29:12,MEDIUM,2026-05-15,14
376,783,829.41,0.9041,1,2026-05-15 14:29:12,HIGH,2026-05-15,14
377,784,0.0,0.9989,1,2026-05-15 14:29:12,HIGH,2026-05-15,14
378,785,1335.0,0.997,1,2026-05-15 14:29:12,HIGH,2026-05-15,14
379,786,320.0,0.7824,1,2026-05-15 14:29:12,MEDIUM,2026-05-15,14
380,789,4.9,0.9833,1,2026-05-15 14:29:12,HIGH,2026-05-15,14
381,790,0.0,0.9997,1,2026-05-15 14:29:12,HIGH,2026-05-15,14
382,805,104.81,0.8674,1,2026-05-15 14:29:13,MEDIUM,2026-05-15,14
383,806,76.94,0.9994,1,2026-05-15 14:29:13,HIGH,2026-05-15,14
384,808,0.76,0.999,1,2026-05-15 14:29:13,HIGH,2026-05-15,14
385,810,1.0,0.9996,1,2026-05-15 14:29:13,HIGH,2026-05-15,14
386,812,0.76,0.9227,1,2026-05-15 14:29:13,HIGH,2026-05-15,14
387,819,7.61,0.9997,1,2026-05-15 14:29:14,HIGH,2026-05-15,14
388,821,45.03,0.738,1,2026-05-15 14:29:14,MEDIUM,2026-05-15,14
389,825,3.9,0.9997,1,2026-05-15 14:29:14,HIGH,2026-05-15,14
390,828,6.62,0.9984,1,2026-05-15 14:29:14,HIGH,2026-05-15,14
391,829,84.28,0.9994,1,2026-05-15 14:29:14,HIGH,2026-05-15,14
392,831,8.3,0.9996,1,2026-05-15 14:29:14,HIGH,2026-05-15,14
393,835,1.0,0.9844,1,2026-05-15 14:29:15,HIGH,2026-05-15,14
394,844,4.56,0.9997,1,2026-05-15 14:29:15,HIGH,2026-05-15,14
395,848,324.59,0.9833,1,2026-05-15 14:29:15,HIGH,2026-05-15,14
396,850,1.0,0.9996,1,2026-05-15 14:29:15,HIGH,2026-05-15,14
397,854,6.27,0.9996,1,2026-05-15 14:29:16,HIGH,2026-05-15,14
398,855,53.95,0.9997,1,2026-05-15 14:29:16,HIGH,2026-05-15,14
399,856,1.0,0.9996,1,2026-05-15 14:29:16,HIGH,2026-05-15,14
400,858,1.0,0.9996,1,2026-05-15 14:29:16,HIGH,2026-05-15,14
401,859,77.89,0.9974,1,2026-05-15 14:29:16,HIGH,2026-05-15,14
402,861,1.0,0.9996,1,2026-05-15 14:29:16,HIGH,2026-05-15,14
403,862,1.0,0.5471,1,2026-05-15 14:29:16,LOW,2026-05-15,14
404,863,2.22,0.9847,1,2026-05-15 14:29:16,HIGH,2026-05-15,14
405,865,108.51,0.8162,1,2026-05-15 14:29:16,MEDIUM,2026-05-15,14
406,868,139.9,0.9997,1,2026-05-15 14:29:16,HIGH,2026-05-15,14
407,869,99.99,0.9997,1,2026-05-15 14:29:16,HIGH,2026-05-15,14
408,870,45.51,0.9952,1,2026-05-15 14:29:16,HIGH,2026-05-15,14
409,872,9.99,0.9796,1,2026-05-15 14:29:17,HIGH,2026-05-15,14
410,877,99.99,0.9997,1,2026-05-15 14:29:17,HIGH,2026-05-15,14
411,879,1.0,0.9983,1,2026-05-15 14:29:17,HIGH,2026-05-15,14
412,880,0.76,0.6994,1,2026-05-15 14:29:17,LOW,2026-05-15,14
413,881,3.79,0.5903,1,2026-05-15 14:29:17,LOW,2026-05-15,14
414,883,362.55,0.998,1,2026-05-15 14:29:17,HIGH,2026-05-15,14
415,884,5.0,0.9997,1,2026-05-15 14:29:17,HIGH,2026-05-15,14
416,886,720.38,0.9995,1,2026-05-15 14:29:17,HIGH,2026-05-15,14
417,888,1.0,0.9996,1,2026-05-15 14:29:17,HIGH,2026-05-15,14
418,890,0.0,0.9971,1,2026-05-15 14:29:17,HIGH,2026-05-15,14
419,894,8.54,0.9997,1,2026-05-15 14:29:18,HIGH,2026-05-15,14
420,896,1.0,0.9855,1,2026-05-15 14:29:18,HIGH,2026-05-15,14
421,898,3.14,0.9742,1,2026-05-15 14:29:18,HIGH,2026-05-15,14
422,899,35.0,0.9895,1,2026-05-15 14:29:18,HIGH,2026-05-15,14
423,903,12.31,0.9997,1,2026-05-15 14:29:18,HIGH,2026-05-15,14
424,904,319.2,0.9977,1,2026-05-15 14:29:18,HIGH,2026-05-15,14
425,905,1.0,0.7592,1,2026-05-15 14:29:18,MEDIUM,2026-05-15,14
426,908,0.77,0.9856,1,2026-05-15 14:29:18,HIGH,2026-05-15,14
427,910,1.0,0.8161,1,2026-05-15 14:29:18,MEDIUM,2026-05-15,14
428,913,1.0,0.9834,1,2026-05-15 14:29:19,HIGH,2026-05-15,14
429,915,0.0,0.9986,1,2026-05-15 14:29:19,HIGH,2026-05-15,14
430,920,99.99,0.9997,1,2026-05-15 14:29:19,HIGH,2026-05-15,14
431,921,19.04,0.9786,1,2026-05-15 14:29:19,HIGH,2026-05-15,14
432,922,1.0,0.9997,1,2026-05-15 14:29:19,HIGH,2026-05-15,14
433,925,0.76,0.9958,1,2026-05-15 14:29:19,HIGH,2026-05-15,14
434,926,1096.99,0.8006,1,2026-05-15 14:29:19,MEDIUM,2026-05-15,14
435,927,0.0,0.9808,1,2026-05-15 14:29:19,HIGH,2026-05-15,14
436,928,125.3,0.9994,1,2026-05-15 14:29:19,HIGH,2026-05-15,14
437,929,0.0,0.9997,1,2026-05-15 14:29:19,HIGH,2026-05-15,14
438,932,7.59,0.9997,1,2026-05-15 14:29:19,HIGH,2026-05-15,14
439,934,16.48,0.9931,1,2026-05-15 14:29:20,HIGH,2026-05-15,14
440,935,1.0,0.9996,1,2026-05-15 14:29:20,HIGH,2026-05-15,14
441,936,45.48,0.9997,1,2026-05-15 14:29:20,HIGH,2026-05-15,14
442,938,1.0,0.979,1,2026-05-15 14:29:20,HIGH,2026-05-15,14
443,939,0.0,0.9997,1,2026-05-15 14:29:20,HIGH,2026-05-15,14
444,940,99.99,0.9997,1,2026-05-15 14:29:20,HIGH,2026-05-15,14
445,945,634.3,0.8345,1,2026-05-15 14:29:20,MEDIUM,2026-05-15,14
446,949,311.28,0.9954,1,2026-05-15 14:29:20,HIGH,2026-05-15,14
447,954,444.17,0.9996,1,2026-05-15 14:29:20,HIGH,2026-05-15,14
448,957,0.77,0.9996,1,2026-05-15 14:29:21,HIGH,2026-05-15,14
449,960,99.99,0.9997,1,2026-05-15 14:29:21,HIGH,2026-05-15,14
450,961,4.69,0.9997,1,2026-05-15 14:29:21,HIGH,2026-05-15,14
451,965,1.0,0.982,1,2026-05-15 14:29:21,HIGH,2026-05-15,14
452,966,1.1,0.9992,1,2026-05-15 14:29:21,HIGH,2026-05-15,14
453,967,97.0,0.9996,1,2026-05-15 14:29:21,HIGH,2026-05-15,14
454,968,0.77,0.9996,1,2026-05-15 14:29:21,HIGH,2026-05-15,14
455,969,208.58,0.8412,1,2026-05-15 14:29:21,MEDIUM,2026-05-15,14
456,970,1.0,0.9997,1,2026-05-15 14:29:21,HIGH,2026-05-15,14
457,972,1.0,0.9995,1,2026-05-15 14:29:21,HIGH,2026-05-15,14
458,973,0.0,0.9989,1,2026-05-15 14:29:21,HIGH,2026-05-15,14
459,975,8.9,0.9987,1,2026-05-15 14:29:21,HIGH,2026-05-15,14
460,976,42.53,0.8013,1,2026-05-15 14:29:22,MEDIUM,2026-05-15,14
461,977,1.0,0.9997,1,2026-05-15 14:29:22,HIGH,2026-05-15,14
462,979,104.03,0.9997,1,2026-05-15 14:29:22,HIGH,2026-05-15,14
463,981,273.01,0.9997,1,2026-05-15 14:29:22,HIGH,2026-05-15,14
464,984,14.46,0.9997,1,2026-05-15 14:29:22,HIGH,2026-05-15,14
465,985,720.8,0.9059,1,2026-05-15 14:29:22,HIGH,2026-05-15,14
466,986,717.15,0.9974,1,2026-05-15 14:29:22,HIGH,2026-05-15,14
467,987,0.77,0.9996,1,2026-05-15 14:29:22,HIGH,2026-05-15,14
468,988,2.28,0.9996,1,2026-05-15 14:29:22,HIGH,2026-05-15,14
469,989,0.0,0.9604,1,2026-05-15 14:29:22,HIGH,2026-05-15,14
470,990,187.11,0.7864,1,2026-05-15 14:29:22,MEDIUM,2026-05-15,14
471,991,0.0,0.9997,1,2026-05-15 14:29:22,HIGH,2026-05-15,14
472,993,1.0,0.9997,1,2026-05-15 14:29:22,HIGH,2026-05-15,14
473,995,99.99,0.9997,1,2026-05-15 14:29:22,HIGH,2026-05-15,14
474,996,1.0,0.9979,1,2026-05-15 14:29:22,HIGH,2026-05-15,14
475,997,354.33,0.6951,1,2026-05-15 14:29:23,LOW,2026-05-15,14
476,999,50.0,0.9841,1,2026-05-15 14:29:23,HIGH,2026-05-15,14
477,1000,12.31,0.9918,1,2026-05-15 14:29:23,HIGH,2026-05-15,14
478,5,1.0,0.9995,1,2026-05-15 14:29:58,HIGH,2026-05-15,14
479,10,802.52,0.8944,1,2026-05-15 14:29:58,MEDIUM,2026-05-15,14
480,12,99.99,0.9997,1,2026-05-15 14:29:58,HIGH,2026-05-15,14
481,17,323.77,0.9442,1,2026-05-15 14:29:58,HIGH,2026-05-15,14
482,20,1.0,0.9996,1,2026-05-15 14:29:58,HIGH,2026-05-15,14
483,22,0.0,0.9977,1,2026-05-15 14:29:58,HIGH,2026-05-15,14
484,23,175.9,0.9996,1,2026-05-15 14:29:58,HIGH,2026-05-15,14
485,25,1402.16,0.9987,1,2026-05-15 14:29:59,HIGH,2026-05-15,14
486,26,318.11,0.9989,1,2026-05-15 14:29:59,HIGH,2026-05-15,14
487,27,111.7,0.9997,1,2026-05-15 14:29:59,HIGH,2026-05-15,14
488,31,0.0,0.9997,1,2026-05-15 14:29:59,HIGH,2026-05-15,14
489,32,1.0,0.9997,1,2026-05-15 14:29:59,HIGH,2026-05-15,14
490,35,1.0,0.9951,1,2026-05-15 14:29:59,HIGH,2026-05-15,14
491,36,1389.56,0.9992,1,2026-05-15 14:29:59,HIGH,2026-05-15,14
492,40,99.99,0.9997,1,2026-05-15 14:29:59,HIGH,2026-05-15,14
493,41,8.64,0.9997,1,2026-05-15 14:29:59,HIGH,2026-05-15,14
494,42,1.0,0.9997,1,2026-05-15 14:29:59,HIGH,2026-05-15,14
495,43,37.93,0.9997,1,2026-05-15 14:29:59,HIGH,2026-05-15,14
496,45,316.06,0.9997,1,2026-05-15 14:30:00,HIGH,2026-05-15,14
497,46,240.77,0.9997,1,2026-05-15 14:30:00,HIGH,2026-05-15,14
498,49,10.7,0.9994,1,2026-05-15 14:30:00,HIGH,2026-05-15,14
499,53,0.2,0.8203,1,2026-05-15 14:30:00,MEDIUM,2026-05-15,14
500,55,1.0,0.9996,1,2026-05-15 14:30:00,HIGH,2026-05-15,14
501,56,0.0,0.9996,1,2026-05-15 14:30:00,HIGH,2026-05-15,14
502,58,1.0,0.9996,1,2026-05-15 14:30:00,HIGH,2026-05-15,14
503,59,7.53,0.9996,1,2026-05-15 14:30:00,HIGH,2026-05-15,14
504,61,0.01,0.9997,1,2026-05-15 14:30:00,HIGH,2026-05-15,14
505,62,1.0,0.9996,1,2026-05-15 14:30:00,HIGH,2026-05-15,14
506,64,1.1,0.9995,1,2026-05-15 14:30:00,HIGH,2026-05-15,14
507,69,99.99,0.9997,1,2026-05-15 14:30:01,HIGH,2026-05-15,14
508,71,1.0,0.948,1,2026-05-15 14:30:01,HIGH,2026-05-15,14
509,75,600.73,0.9977,1,2026-05-15 14:30:01,HIGH,2026-05-15,14
510,76,1.0,0.9923,1,2026-05-15 14:30:01,HIGH,2026-05-15,14
511,78,3.79,0.8699,1,2026-05-15 14:30:01,MEDIUM,2026-05-15,14
512,80,30.31,0.9997,1,2026-05-15 14:30:01,HIGH,2026-05-15,14
513,82,99.99,0.9997,1,2026-05-15 14:30:01,HIGH,2026-05-15,14
514,83,252.92,0.9997,1,2026-05-15 14:30:01,HIGH,2026-05-15,14
515,84,99.99,0.9997,1,2026-05-15 14:30:01,HIGH,2026-05-15,14
516,85,1.0,0.9996,1,2026-05-15 14:30:01,HIGH,2026-05-15,14
517,90,1.0,0.7718,1,2026-05-15 14:30:02,MEDIUM,2026-05-15,14
518,91,480.72,0.8929,1,2026-05-15 14:30:02,MEDIUM,2026-05-15,14
519,92,0.0,0.9989,1,2026-05-15 14:30:02,HIGH,2026-05-15,14
520,94,1354.25,0.9989,1,2026-05-15 14:30:02,HIGH,2026-05-15,14
521,96,237.26,0.9914,1,2026-05-15 14:30:02,HIGH,2026-05-15,14
522,98,19.02,0.9969,1,2026-05-15 14:30:02,HIGH,2026-05-15,14
523,99,99.99,0.9997,1,2026-05-15 14:30:02,HIGH,2026-05-15,14
524,102,186.13,0.9994,1,2026-05-15 14:30:02,HIGH,2026-05-15,14
525,104,1.0,0.9834,1,2026-05-15 14:30:02,HIGH,2026-05-15,14
526,109,99.99,0.9997,1,2026-05-15 14:30:03,HIGH,2026-05-15,14
527,115,0.0,0.9996,1,2026-05-15 14:30:03,HIGH,2026-05-15,14
528,116,1.1,0.9889,1,2026-05-15 14:30:03,HIGH,2026-05-15,14
529,117,153.46,0.9997,1,2026-05-15 14:30:03,HIGH,2026-05-15,14
530,120,75.86,0.9996,1,2026-05-15 14:30:03,HIGH,2026-05-15,14
531,122,1.59,0.9995,1,2026-05-15 14:30:03,HIGH,2026-05-15,14
532,124,60.0,0.9737,1,2026-05-15 14:30:03,HIGH,2026-05-15,14
533,125,0.76,0.7807,1,2026-05-15 14:30:03,MEDIUM,2026-05-15,14
534,128,1.0,0.9997,1,2026-05-15 14:30:03,HIGH,2026-05-15,14
535,133,0.0,0.9997,1,2026-05-15 14:30:04,HIGH,2026-05-15,14
536,136,1.0,0.9996,1,2026-05-15 14:30:04,HIGH,2026-05-15,14
537,137,459.07,0.9994,1,2026-05-15 14:30:04,HIGH,2026-05-15,14
538,138,0.0,0.9721,1,2026-05-15 14:30:04,HIGH,2026-05-15,14
539,139,1.0,0.9996,1,2026-05-15 14:30:04,HIGH,2026-05-15,14
540,140,99.99,0.9997,1,2026-05-15 14:30:04,HIGH,2026-05-15,14
541,141,1218.89,0.9896,1,2026-05-15 14:30:04,HIGH,2026-05-15,14
542,142,99.85,0.9997,1,2026-05-15 14:30:04,HIGH,2026-05-15,14
543,144,451.27,0.8537,1,2026-05-15 14:30:04,MEDIUM,2026-05-15,14
544,148,30.14,0.7477,1,2026-05-15 14:30:04,MEDIUM,2026-05-15,14
545,150,33.76,0.6103,1,2026-05-15 14:30:04,LOW,2026-05-15,14
546,152,0.76,0.9996,1,2026-05-15 14:30:04,HIGH,2026-05-15,14
547,154,122.68,0.9996,1,2026-05-15 14:30:05,HIGH,2026-05-15,14
548,156,7.06,0.9713,1,2026-05-15 14:30:05,HIGH,2026-05-15,14
549,157,104.03,0.9997,1,2026-05-15 14:30:05,HIGH,2026-05-15,14
550,159,3.76,0.9711,1,2026-05-15 14:30:05,HIGH,2026-05-15,14
551,167,44.9,0.9997,1,2026-05-15 14:30:05,HIGH,2026-05-15,14
552,169,11.4,0.9996,1,2026-05-15 14:30:05,HIGH,2026-05-15,14
553,170,1.0,0.9997,1,2026-05-15 14:30:05,HIGH,2026-05-15,14
554,171,2125.87,0.8583,1,2026-05-15 14:30:05,MEDIUM,2026-05-15,14
555,172,0.38,0.999,1,2026-05-15 14:30:05,HIGH,2026-05-15,14
556,173,112.33,0.9997,1,2026-05-15 14:30:05,HIGH,2026-05-15,14
557,175,349.08,0.9984,1,2026-05-15 14:30:06,HIGH,2026-05-15,14
558,176,45.51,0.9997,1,2026-05-15 14:30:06,HIGH,2026-05-15,14
559,177,1.0,0.926,1,2026-05-15 14:30:06,HIGH,2026-05-15,14
560,178,106.9,0.9996,1,2026-05-15 14:30:06,HIGH,2026-05-15,14
561,183,2.0,0.9995,1,2026-05-15 14:30:06,HIGH,2026-05-15,14
562,186,99.99,0.9996,1,2026-05-15 14:30:06,HIGH,2026-05-15,14
563,188,3.22,0.7293,1,2026-05-15 14:30:06,MEDIUM,2026-05-15,14
564,194,18.98,0.9976,1,2026-05-15 14:30:07,HIGH,2026-05-15,14
565,195,1.0,0.9991,1,2026-05-15 14:30:07,HIGH,2026-05-15,14
566,196,2.0,0.9989,1,2026-05-15 14:30:07,HIGH,2026-05-15,14
567,197,0.76,0.9943,1,2026-05-15 14:30:07,HIGH,2026-05-15,14
568,198,1.0,0.9835,1,2026-05-15 14:30:07,HIGH,2026-05-15,14
569,200,99.99,0.9997,1,2026-05-15 14:30:07,HIGH,2026-05-15,14
570,201,1.0,0.998,1,2026-05-15 14:30:07,HIGH,2026-05-15,14
571,207,99.99,0.9997,1,2026-05-15 14:30:07,HIGH,2026-05-15,14
572,211,99.99,0.9997,1,2026-05-15 14:30:07,HIGH,2026-05-15,14
573,212,1.0,0.9973,1,2026-05-15 14:30:07,HIGH,2026-05-15,14
574,216,1.0,0.9996,1,2026-05-15 14:30:08,HIGH,2026-05-15,14
575,218,219.8,0.9996,1,2026-05-15 14:30:08,HIGH,2026-05-15,14
576,221,188.52,0.9997,1,2026-05-15 14:30:08,HIGH,2026-05-15,14
577,224,1.0,0.9996,1,2026-05-15 14:30:08,HIGH,2026-05-15,14
578,226,239.93,0.909,1,2026-05-15 14:30:08,HIGH,2026-05-15,14
579,228,0.0,0.9996,1,2026-05-15 14:30:08,HIGH,2026-05-15,14
580,231,346.94,0.9996,1,2026-05-15 14:30:08,HIGH,2026-05-15,14
581,233,12.31,0.9248,1,2026-05-15 14:30:09,HIGH,2026-05-15,14
582,235,1.0,0.9996,1,2026-05-15 14:30:09,HIGH,2026-05-15,14
583,236,30.39,0.9997,1,2026-05-15 14:30:09,HIGH,2026-05-15,14
584,239,1.0,0.954,1,2026-05-15 14:30:09,HIGH,2026-05-15,14
585,240,1.0,0.9971,1,2026-05-15 14:30:09,HIGH,2026-05-15,14
586,241,59.0,0.9393,1,2026-05-15 14:30:09,HIGH,2026-05-15,14
587,242,101.5,0.9994,1,2026-05-15 14:30:09,HIGH,2026-05-15,14
588,245,30.31,0.9997,1,2026-05-15 14:30:09,HIGH,2026-05-15,14
589,246,0.76,0.9997,1,2026-05-15 14:30:09,HIGH,2026-05-15,14
590,247,0.0,0.9989,1,2026-05-15 14:30:09,HIGH,2026-05-15,14
591,248,99.99,0.9997,1,2026-05-15 14:30:09,HIGH,2026-05-15,14
592,249,30.3,0.948,1,2026-05-15 14:30:09,HIGH,2026-05-15,14
593,250,38.76,0.986,1,2026-05-15 14:30:09,HIGH,2026-05-15,14
594,251,0.68,0.9939,1,2026-05-15 14:30:09,HIGH,2026-05-15,14
595,255,120.54,0.9796,1,2026-05-15 14:30:10,HIGH,2026-05-15,14
596,256,1.63,0.9996,1,2026-05-15 14:30:10,HIGH,2026-05-15,14
597,260,1.0,0.9994,1,2026-05-15 14:30:10,HIGH,2026-05-15,14
598,262,0.77,0.9996,1,2026-05-15 14:30:10,HIGH,2026-05-15,14
599,263,9.13,0.9997,1,2026-05-15 14:30:10,HIGH,2026-05-15,14
600,264,0.0,0.9997,1,2026-05-15 14:30:10,HIGH,2026-05-15,14
601,265,65.0,0.9996,1,2026-05-15 14:30:10,HIGH,2026-05-15,14
602,268,276.17,0.9075,1,2026-05-15 14:30:10,HIGH,2026-05-15,14
603,270,723.21,0.933,1,2026-05-15 14:30:10,HIGH,2026-05-15,14
604,271,245.0,0.9995,1,2026-05-15 14:30:10,HIGH,2026-05-15,14
605,272,88.23,0.9997,1,2026-05-15 14:30:11,HIGH,2026-05-15,14
606,274,254.76,0.9997,1,2026-05-15 14:30:11,HIGH,2026-05-15,14
607,276,1.0,0.9996,1,2026-05-15 14:30:11,HIGH,2026-05-15,14
608,277,113.92,0.9996,1,2026-05-15 14:30:11,HIGH,2026-05-15,14
609,279,0.68,0.99,1,2026-05-15 14:30:11,HIGH,2026-05-15,14
610,283,238.9,0.9995,1,2026-05-15 14:30:11,HIGH,2026-05-15,14
611,284,261.22,0.8382,1,2026-05-15 14:30:11,MEDIUM,2026-05-15,14
612,285,290.18,0.6486,1,2026-05-15 14:30:11,LOW,2026-05-15,14
613,287,105.89,0.9867,1,2026-05-15 14:30:11,HIGH,2026-05-15,14
614,288,247.86,0.9854,1,2026-05-15 14:30:11,HIGH,2026-05-15,14
615,289,1.0,0.9996,1,2026-05-15 14:30:11,HIGH,2026-05-15,14
616,294,0.77,0.9995,1,2026-05-15 14:30:12,HIGH,2026-05-15,14
617,295,11.0,0.9993,1,2026-05-15 14:30:12,HIGH,2026-05-15,14
618,296,4.97,0.9995,1,2026-05-15 14:30:12,HIGH,2026-05-15,14
619,298,0.76,0.9997,1,2026-05-15 14:30:12,HIGH,2026-05-15,14
620,299,1.0,0.9986,1,2026-05-15 14:30:12,HIGH,2026-05-15,14
621,300,1.0,0.7881,1,2026-05-15 14:30:12,MEDIUM,2026-05-15,14
622,302,0.01,0.9997,1,2026-05-15 14:30:12,HIGH,2026-05-15,14
623,303,0.0,0.7507,1,2026-05-15 14:30:12,MEDIUM,2026-05-15,14
624,304,996.27,0.9854,1,2026-05-15 14:30:12,HIGH,2026-05-15,14
625,307,0.92,0.908,1,2026-05-15 14:30:12,HIGH,2026-05-15,14
626,315,357.95,0.9051,1,2026-05-15 14:30:13,HIGH,2026-05-15,14
627,316,1504.93,0.9973,1,2026-05-15 14:30:13,HIGH,2026-05-15,14
628,317,1.0,0.9996,1,2026-05-15 14:30:13,HIGH,2026-05-15,14
629,320,294.9,0.9997,1,2026-05-15 14:30:13,HIGH,2026-05-15,14
630,321,99.99,0.9997,1,2026-05-15 14:30:13,HIGH,2026-05-15,14
631,322,1.0,0.9997,1,2026-05-15 14:30:13,HIGH,2026-05-15,14
632,323,78.0,0.9997,1,2026-05-15 14:30:13,HIGH,2026-05-15,14
633,327,0.01,0.9985,1,2026-05-15 14:30:13,HIGH,2026-05-15,14
634,328,19.95,0.5415,1,2026-05-15 14:30:13,LOW,2026-05-15,14
635,330,39.45,0.9996,1,2026-05-15 14:30:13,HIGH,2026-05-15,14
636,332,1.0,0.9996,1,2026-05-15 14:30:14,HIGH,2026-05-15,14
637,335,0.0,0.7334,1,2026-05-15 14:30:14,MEDIUM,2026-05-15,14
638,336,1.0,0.9996,1,2026-05-15 14:30:14,HIGH,2026-05-15,14
639,341,0.77,0.9996,1,2026-05-15 14:30:14,HIGH,2026-05-15,14
640,344,37.32,0.9997,1,2026-05-15 14:30:14,HIGH,2026-05-15,14
641,345,0.01,0.999,1,2026-05-15 14:30:14,HIGH,2026-05-15,14
642,346,94.82,0.9996,1,2026-05-15 14:30:14,HIGH,2026-05-15,14
643,349,18.96,0.9995,1,2026-05-15 14:30:14,HIGH,2026-05-15,14
644,351,130.44,0.9997,1,2026-05-15 14:30:14,HIGH,2026-05-15,14
645,352,252.92,0.9997,1,2026-05-15 14:30:14,HIGH,2026-05-15,14
646,354,99.99,0.9997,1,2026-05-15 14:30:15,HIGH,2026-05-15,14
647,355,18.0,0.9987,1,2026-05-15 14:30:15,HIGH,2026-05-15,14
648,356,106.55,0.9997,1,2026-05-15 14:30:15,HIGH,2026-05-15,14
649,357,316.06,0.9997,1,2026-05-15 14:30:15,HIGH,2026-05-15,14
650,358,1.59,0.9995,1,2026-05-15 14:30:15,HIGH,2026-05-15,14
651,359,33.59,0.9993,1,2026-05-15 14:30:15,HIGH,2026-05-15,14
652,360,648.0,0.9996,1,2026-05-15 14:30:15,HIGH,2026-05-15,14
653,361,0.0,0.9995,1,2026-05-15 14:30:15,HIGH,2026-05-15,14
654,363,172.32,0.9997,1,2026-05-15 14:30:15,HIGH,2026-05-15,14
655,364,51.37,0.9995,1,2026-05-15 14:30:15,HIGH,2026-05-15,14
656,365,99.99,0.9997,1,2026-05-15 14:30:15,HIGH,2026-05-15,14
657,366,1.0,0.9995,1,2026-05-15 14:30:15,HIGH,2026-05-15,14
658,368,1.75,0.9995,1,2026-05-15 14:30:15,HIGH,2026-05-15,14
659,369,925.31,0.9961,1,2026-05-15 14:30:15,HIGH,2026-05-15,14
660,373,1.0,0.9995,1,2026-05-15 14:30:15,HIGH,2026-05-15,14
661,374,8.0,0.9995,1,2026-05-15 14:30:16,HIGH,2026-05-15,14
662,375,1.0,0.9995,1,2026-05-15 14:30:16,HIGH,2026-05-15,14
663,377,127.14,0.9997,1,2026-05-15 14:30:16,HIGH,2026-05-15,14
664,378,23.36,0.9895,1,2026-05-15 14:30:16,HIGH,2026-05-15,14
665,381,426.4,0.9993,1,2026-05-15 14:30:16,HIGH,2026-05-15,14
666,382,204.27,0.9989,1,2026-05-15 14:30:16,HIGH,2026-05-15,14
667,384,3.79,0.9789,1,2026-05-15 14:30:16,HIGH,2026-05-15,14
668,385,101.5,0.9984,1,2026-05-15 14:30:16,HIGH,2026-05-15,14
669,388,364.19,0.9896,1,2026-05-15 14:30:16,HIGH,2026-05-15,14
670,391,7.52,0.9997,1,2026-05-15 14:30:16,HIGH,2026-05-15,14
671,392,3.93,0.7559,1,2026-05-15 14:30:16,MEDIUM,2026-05-15,14
672,394,0.76,0.9992,1,2026-05-15 14:30:17,HIGH,2026-05-15,14
673,396,3.12,0.9435,1,2026-05-15 14:30:17,HIGH,2026-05-15,14
674,397,0.76,0.929,1,2026-05-15 14:30:17,HIGH,2026-05-15,14
675,398,1.0,0.9996,1,2026-05-15 14:30:17,HIGH,2026-05-15,14
676,401,1809.68,0.5584,1,2026-05-15 14:30:17,LOW,2026-05-15,14
677,402,7.59,0.6952,1,2026-05-15 14:30:17,LOW,2026-05-15,14
678,408,22.04,0.9974,1,2026-05-15 14:30:17,HIGH,2026-05-15,14
679,409,1.0,0.9996,1,2026-05-15 14:30:17,HIGH,2026-05-15,14
680,414,1.0,0.9997,1,2026-05-15 14:30:18,HIGH,2026-05-15,14
681,421,1.0,0.9996,1,2026-05-15 14:30:18,HIGH,2026-05-15,14
682,423,39.9,0.9866,1,2026-05-15 14:30:18,HIGH,2026-05-15,14
683,425,2.0,0.9958,1,2026-05-15 14:30:18,HIGH,2026-05-15,14
684,426,25.0,0.9976,1,2026-05-15 14:30:18,HIGH,2026-05-15,14
685,427,0.68,0.999,1,2026-05-15 14:30:18,HIGH,2026-05-15,14
686,428,99.99,0.9997,1,2026-05-15 14:30:18,HIGH,2026-05-15,14
687,430,0.0,0.9997,1,2026-05-15 14:30:18,HIGH,2026-05-15,14
688,431,6.99,0.9486,1,2026-05-15 14:30:18,HIGH,2026-05-15,14
689,432,144.62,0.9994,1,2026-05-15 14:30:18,HIGH,2026-05-15,14
690,433,80.22,0.9994,1,2026-05-15 14:30:19,HIGH,2026-05-15,14
691,434,6.74,0.9997,1,2026-05-15 14:30:19,HIGH,2026-05-15,14
692,435,1.0,0.9997,1,2026-05-15 14:30:19,HIGH,2026-05-15,14
693,436,1.0,0.9994,1,2026-05-15 14:30:19,HIGH,2026-05-15,14
694,437,311.91,0.9199,1,2026-05-15 14:30:19,HIGH,2026-05-15,14
695,438,67.9,0.9995,1,2026-05-15 14:30:19,HIGH,2026-05-15,14
696,441,549.06,0.7448,1,2026-05-15 14:30:19,MEDIUM,2026-05-15,14
697,448,261.87,0.6249,1,2026-05-15 14:30:19,LOW,2026-05-15,14
698,453,39.45,0.9995,1,2026-05-15 14:30:20,HIGH,2026-05-15,14
699,454,360.0,0.9976,1,2026-05-15 14:30:20,HIGH,2026-05-15,14
700,455,99.9,0.9997,1,2026-05-15 14:30:20,HIGH,2026-05-15,14
701,459,80.9,0.998,1,2026-05-15 14:30:20,HIGH,2026-05-15,14
702,460,1.0,0.9997,1,2026-05-15 14:30:20,HIGH,2026-05-15,14
703,461,99.99,0.9997,1,2026-05-15 14:30:20,HIGH,2026-05-15,14
704,462,88.23,0.9997,1,2026-05-15 14:30:20,HIGH,2026-05-15,14
705,465,345.0,0.9689,1,2026-05-15 14:30:20,HIGH,2026-05-15,14
706,466,1.0,0.9296,1,2026-05-15 14:30:20,HIGH,2026-05-15,14
707,467,5.3,0.9997,1,2026-05-15 14:30:20,HIGH,2026-05-15,14
708,468,1.18,0.9996,1,2026-05-15 14:30:20,HIGH,2026-05-15,14
709,470,0.77,0.9996,1,2026-05-15 14:30:20,HIGH,2026-05-15,14
710,471,144.8,0.9996,1,2026-05-15 14:30:21,HIGH,2026-05-15,14
711,472,19.02,0.9997,1,2026-05-15 14:30:21,HIGH,2026-05-15,14
712,474,1.52,0.5603,1,2026-05-15 14:30:21,LOW,2026-05-15,14
713,475,147.87,0.9993,1,2026-05-15 14:30:21,HIGH,2026-05-15,14
714,482,60.6,0.9994,1,2026-05-15 14:30:21,HIGH,2026-05-15,14
715,483,1.0,0.9989,1,2026-05-15 14:30:21,HIGH,2026-05-15,14
716,484,22.47,0.8834,1,2026-05-15 14:30:21,MEDIUM,2026-05-15,14
717,486,766.36,0.9997,1,2026-05-15 14:30:21,HIGH,2026-05-15,14
718,487,1.0,0.9997,1,2026-05-15 14:30:21,HIGH,2026-05-15,14
719,488,9.82,0.9987,1,2026-05-15 14:30:21,HIGH,2026-05-15,14
720,489,99.99,0.9997,1,2026-05-15 14:30:21,HIGH,2026-05-15,14
721,494,111.7,0.9997,1,2026-05-15 14:30:22,HIGH,2026-05-15,14
722,495,0.0,0.9879,1,2026-05-15 14:30:22,HIGH,2026-05-15,14
723,496,1.0,0.9996,1,2026-05-15 14:30:22,HIGH,2026-05-15,14
724,497,1.0,0.9997,1,2026-05-15 14:30:22,HIGH,2026-05-15,14
725,498,0.0,0.9997,1,2026-05-15 14:30:22,HIGH,2026-05-15,14
726,503,727.91,0.9994,1,2026-05-15 14:30:22,HIGH,2026-05-15,14
727,508,1.0,0.9857,1,2026-05-15 14:30:22,HIGH,2026-05-15,14
728,511,1.0,0.9921,1,2026-05-15 14:30:23,HIGH,2026-05-15,14
729,513,2.28,0.9996,1,2026-05-15 14:30:23,HIGH,2026-05-15,14
730,514,1.0,0.9996,1,2026-05-15 14:30:23,HIGH,2026-05-15,14
731,515,1.63,0.9997,1,2026-05-15 14:30:23,HIGH,2026-05-15,14
732,517,489.71,0.9993,1,2026-05-15 14:30:23,HIGH,2026-05-15,14
733,518,0.83,0.9997,1,2026-05-15 14:30:23,HIGH,2026-05-15,14
734,520,1.0,0.9996,1,2026-05-15 14:30:23,HIGH,2026-05-15,14
735,521,17.06,0.9994,1,2026-05-15 14:30:23,HIGH,2026-05-15,14
736,524,104.0,0.9997,1,2026-05-15 14:30:23,HIGH,2026-05-15,14
737,525,1.0,0.9713,1,2026-05-15 14:30:23,HIGH,2026-05-15,14
738,528,454.82,0.9993,1,2026-05-15 14:30:23,HIGH,2026-05-15,14
739,530,0.76,0.9009,1,2026-05-15 14:30:24,HIGH,2026-05-15,14
740,532,99.99,0.9997,1,2026-05-15 14:30:24,HIGH,2026-05-15,14
741,534,9.21,0.962,1,2026-05-15 14:30:24,HIGH,2026-05-15,14
742,536,17.39,0.9588,1,2026-05-15 14:30:24,HIGH,2026-05-15,14
743,537,1.0,0.9991,1,2026-05-15 14:30:24,HIGH,2026-05-15,14
744,538,730.86,0.9965,1,2026-05-15 14:30:24,HIGH,2026-05-15,14
745,540,1.0,0.9997,1,2026-05-15 14:30:24,HIGH,2026-05-15,14
746,541,0.01,0.9997,1,2026-05-15 14:30:24,HIGH,2026-05-15,14
747,542,2.0,0.9993,1,2026-05-15 14:30:24,HIGH,2026-05-15,14
748,543,824.83,0.9945,1,2026-05-15 14:30:24,HIGH,2026-05-15,14
749,544,390.0,0.9993,1,2026-05-15 14:30:24,HIGH,2026-05-15,14
750,545,1.52,0.9997,1,2026-05-15 14:30:24,HIGH,2026-05-15,14
751,550,59.68,0.9997,1,2026-05-15 14:30:24,HIGH,2026-05-15,14
752,551,11.38,0.9997,1,2026-05-15 14:30:25,HIGH,2026-05-15,14
753,552,156.0,0.9991,1,2026-05-15 14:30:25,HIGH,2026-05-15,14
754,554,99.99,0.9893,1,2026-05-15 14:30:25,HIGH,2026-05-15,14
755,557,93.35,0.9962,1,2026-05-15 14:30:25,HIGH,2026-05-15,14
756,558,512.25,0.9997,1,2026-05-15 14:30:25,HIGH,2026-05-15,14
757,559,188.78,0.9996,1,2026-05-15 14:30:25,HIGH,2026-05-15,14
758,560,2.27,0.9987,1,2026-05-15 14:30:25,HIGH,2026-05-15,14
759,561,270.0,0.9995,1,2026-05-15 14:30:25,HIGH,2026-05-15,14
760,565,1.0,0.998,1,2026-05-15 14:30:25,HIGH,2026-05-15,14
761,566,1.0,0.9997,1,2026-05-15 14:30:25,HIGH,2026-05-15,14
762,568,188.52,0.9997,1,2026-05-15 14:30:25,HIGH,2026-05-15,14
763,569,2.28,0.9997,1,2026-05-15 14:30:26,HIGH,2026-05-15,14
764,572,173.07,0.9995,1,2026-05-15 14:30:26,HIGH,2026-05-15,14
765,574,1.0,0.9996,1,2026-05-15 14:30:26,HIGH,2026-05-15,14
766,575,0.76,0.9997,1,2026-05-15 14:30:26,HIGH,2026-05-15,14
767,577,1.0,0.999,1,2026-05-15 14:30:26,HIGH,2026-05-15,14
768,578,296.0,0.9968,1,2026-05-15 14:30:26,HIGH,2026-05-15,14
769,579,0.69,0.8775,1,2026-05-15 14:30:26,MEDIUM,2026-05-15,14
770,581,1.0,0.9996,1,2026-05-15 14:30:26,HIGH,2026-05-15,14
771,582,1.0,0.9997,1,2026-05-15 14:30:26,HIGH,2026-05-15,14
772,586,320.01,0.9996,1,2026-05-15 14:30:26,HIGH,2026-05-15,14
773,590,112.45,0.9961,1,2026-05-15 14:30:27,HIGH,2026-05-15,14
774,596,1.0,0.9995,1,2026-05-15 14:30:27,HIGH,2026-05-15,14
775,597,52.69,0.9996,1,2026-05-15 14:30:27,HIGH,2026-05-15,14
776,601,1.0,0.9996,1,2026-05-15 14:30:27,HIGH,2026-05-15,14
777,602,0.76,0.9997,1,2026-05-15 14:30:27,HIGH,2026-05-15,14
778,603,571.48,0.929,1,2026-05-15 14:30:27,HIGH,2026-05-15,14
779,604,129.0,0.6653,1,2026-05-15 14:30:27,LOW,2026-05-15,14
780,607,1.0,0.9997,1,2026-05-15 14:30:27,HIGH,2026-05-15,14
781,608,83.38,0.9997,1,2026-05-15 14:30:28,HIGH,2026-05-15,14
782,611,0.83,0.9997,1,2026-05-15 14:30:28,HIGH,2026-05-15,14
783,612,209.65,0.9997,1,2026-05-15 14:30:28,HIGH,2026-05-15,14
784,620,1.0,0.9996,1,2026-05-15 14:30:28,HIGH,2026-05-15,14
785,622,7.58,0.8293,1,2026-05-15 14:30:28,MEDIUM,2026-05-15,14
786,624,0.76,0.9994,1,2026-05-15 14:30:28,HIGH,2026-05-15,14
787,625,1.0,0.9994,1,2026-05-15 14:30:28,HIGH,2026-05-15,14
788,627,1.0,0.9996,1,2026-05-15 14:30:28,HIGH,2026-05-15,14
789,632,39.98,0.9952,1,2026-05-15 14:30:29,HIGH,2026-05-15,14
790,633,1.18,0.9996,1,2026-05-15 14:30:29,HIGH,2026-05-15,14
791,636,1.0,0.9996,1,2026-05-15 14:30:29,HIGH,2026-05-15,14
792,637,1.0,0.9981,1,2026-05-15 14:30:29,HIGH,2026-05-15,14
793,639,1.0,0.9556,1,2026-05-15 14:30:29,HIGH,2026-05-15,14
794,641,40.0,0.8293,1,2026-05-15 14:30:29,MEDIUM,2026-05-15,14
795,642,1.0,0.9996,1,2026-05-15 14:30:29,HIGH,2026-05-15,14
796,643,1.0,0.9997,1,2026-05-15 14:30:29,HIGH,2026-05-15,14
797,645,4.87,0.9993,1,2026-05-15 14:30:29,HIGH,2026-05-15,14
798,646,0.77,0.9983,1,2026-05-15 14:30:29,HIGH,2026-05-15,14
799,651,5.09,0.8887,1,2026-05-15 14:30:30,MEDIUM,2026-05-15,14
800,659,19.73,0.9991,1,2026-05-15 14:30:30,HIGH,2026-05-15,14
801,661,1.0,0.9996,1,2026-05-15 14:30:30,HIGH,2026-05-15,14
802,665,3.79,0.9997,1,2026-05-15 14:30:30,HIGH,2026-05-15,14
803,666,1.0,0.9996,1,2026-05-15 14:30:30,HIGH,2026-05-15,14
804,668,776.83,0.9215,1,2026-05-15 14:30:30,HIGH,2026-05-15,14
805,669,8.0,0.8973,1,2026-05-15 14:30:31,MEDIUM,2026-05-15,14
806,670,0.77,0.9986,1,2026-05-15 14:30:31,HIGH,2026-05-15,14
807,675,30.26,0.9997,1,2026-05-15 14:30:31,HIGH,2026-05-15,14
808,676,1.0,0.9996,1,2026-05-15 14:30:31,HIGH,2026-05-15,14
809,677,105.99,0.811,1,2026-05-15 14:30:31,MEDIUM,2026-05-15,14
810,678,195.66,0.9987,1,2026-05-15 14:30:31,HIGH,2026-05-15,14
811,680,180.0,0.999,1,2026-05-15 14:30:31,HIGH,2026-05-15,14
812,684,1.0,0.9986,1,2026-05-15 14:30:31,HIGH,2026-05-15,14
813,686,1.0,0.9997,1,2026-05-15 14:30:31,HIGH,2026-05-15,14
814,687,0.76,0.9832,1,2026-05-15 14:30:31,HIGH,2026-05-15,14
815,689,1.0,0.9855,1,2026-05-15 14:30:31,HIGH,2026-05-15,14
816,690,78.0,0.9997,1,2026-05-15 14:30:32,HIGH,2026-05-15,14
817,696,7.57,0.9936,1,2026-05-15 14:30:32,HIGH,2026-05-15,14
818,698,44.9,0.9997,1,2026-05-15 14:30:32,HIGH,2026-05-15,14
819,699,1.0,0.9996,1,2026-05-15 14:30:32,HIGH,2026-05-15,14
820,700,1.0,0.9993,1,2026-05-15 14:30:32,HIGH,2026-05-15,14
821,706,0.76,0.9095,1,2026-05-15 14:30:32,HIGH,2026-05-15,14
822,707,24.9,0.7786,1,2026-05-15 14:30:32,MEDIUM,2026-05-15,14
823,708,88.0,0.9992,1,2026-05-15 14:30:32,HIGH,2026-05-15,14
824,713,119.74,0.9997,1,2026-05-15 14:30:33,HIGH,2026-05-15,14
825,714,94.82,0.9997,1,2026-05-15 14:30:33,HIGH,2026-05-15,14
826,715,18.96,0.9977,1,2026-05-15 14:30:33,HIGH,2026-05-15,14
827,716,1.0,0.9997,1,2026-05-15 14:30:33,HIGH,2026-05-15,14
828,717,45.49,0.9997,1,2026-05-15 14:30:33,HIGH,2026-05-15,14
829,720,1.0,0.9996,1,2026-05-15 14:30:33,HIGH,2026-05-15,14
830,722,45.64,0.9995,1,2026-05-15 14:30:33,HIGH,2026-05-15,14
831,724,310.42,0.9997,1,2026-05-15 14:30:33,HIGH,2026-05-15,14
832,725,1.0,0.9993,1,2026-05-15 14:30:33,HIGH,2026-05-15,14
833,726,723.21,0.9996,1,2026-05-15 14:30:33,HIGH,2026-05-15,14
834,727,118.3,0.9997,1,2026-05-15 14:30:33,HIGH,2026-05-15,14
835,728,170.92,0.9997,1,2026-05-15 14:30:33,HIGH,2026-05-15,14
836,729,5.91,0.9918,1,2026-05-15 14:30:33,HIGH,2026-05-15,14
837,730,9.29,0.9866,1,2026-05-15 14:30:33,HIGH,2026-05-15,14
838,731,124.53,0.9996,1,2026-05-15 14:30:33,HIGH,2026-05-15,14
839,732,667.55,0.9997,1,2026-05-15 14:30:34,HIGH,2026-05-15,14
840,738,34.12,0.9997,1,2026-05-15 14:30:34,HIGH,2026-05-15,14
841,740,592.9,0.9996,1,2026-05-15 14:30:34,HIGH,2026-05-15,14
842,754,130.21,0.9996,1,2026-05-15 14:30:35,HIGH,2026-05-15,14
843,757,512.25,0.9997,1,2026-05-15 14:30:35,HIGH,2026-05-15,14
844,759,57.73,0.9997,1,2026-05-15 14:30:35,HIGH,2026-05-15,14
845,761,340.11,0.9997,1,2026-05-15 14:30:35,HIGH,2026-05-15,14
846,763,1.0,0.8428,1,2026-05-15 14:30:35,MEDIUM,2026-05-15,14
847,767,7.18,0.7238,1,2026-05-15 14:30:35,MEDIUM,2026-05-15,14
848,770,227.3,0.9994,1,2026-05-15 14:30:35,HIGH,2026-05-15,14
849,773,1.0,0.9996,1,2026-05-15 14:30:35,HIGH,2026-05-15,14
850,775,0.0,0.7123,1,2026-05-15 14:30:36,MEDIUM,2026-05-15,14
851,778,105.89,0.9964,1,2026-05-15 14:30:36,HIGH,2026-05-15,14
852,779,1.0,0.7257,1,2026-05-15 14:30:36,MEDIUM,2026-05-15,14
853,783,829.41,0.9041,1,2026-05-15 14:30:36,HIGH,2026-05-15,14
854,784,0.0,0.9989,1,2026-05-15 14:30:36,HIGH,2026-05-15,14
855,785,1335.0,0.997,1,2026-05-15 14:30:36,HIGH,2026-05-15,14
856,786,320.0,0.7824,1,2026-05-15 14:30:36,MEDIUM,2026-05-15,14
857,789,4.9,0.9833,1,2026-05-15 14:30:36,HIGH,2026-05-15,14
858,790,0.0,0.9997,1,2026-05-15 14:30:36,HIGH,2026-05-15,14
859,805,104.81,0.8674,1,2026-05-15 14:30:37,MEDIUM,2026-05-15,14
860,806,76.94,0.9994,1,2026-05-15 14:30:37,HIGH,2026-05-15,14
861,808,0.76,0.999,1,2026-05-15 14:30:37,HIGH,2026-05-15,14
862,810,1.0,0.9996,1,2026-05-15 14:30:37,HIGH,2026-05-15,14
863,812,0.76,0.9227,1,2026-05-15 14:30:37,HIGH,2026-05-15,14
864,819,7.61,0.9997,1,2026-05-15 14:30:38,HIGH,2026-05-15,14
865,821,45.03,0.738,1,2026-05-15 14:30:38,MEDIUM,2026-05-15,14
866,825,3.9,0.9997,1,2026-05-15 14:30:38,HIGH,2026-05-15,14
867,828,6.62,0.9984,1,2026-05-15 14:30:38,HIGH,2026-05-15,14
868,829,84.28,0.9994,1,2026-05-15 14:30:38,HIGH,2026-05-15,14
869,831,8.3,0.9996,1,2026-05-15 14:30:38,HIGH,2026-05-15,14
870,835,1.0,0.9844,1,2026-05-15 14:30:39,HIGH,2026-05-15,14
871,844,4.56,0.9997,1,2026-05-15 14:30:39,HIGH,2026-05-15,14
872,848,324.59,0.9833,1,2026-05-15 14:30:39,HIGH,2026-05-15,14
873,850,1.0,0.9996,1,2026-05-15 14:30:39,HIGH,2026-05-15,14
874,854,6.27,0.9996,1,2026-05-15 14:30:39,HIGH,2026-05-15,14
875,855,53.95,0.9997,1,2026-05-15 14:30:40,HIGH,2026-05-15,14
876,856,1.0,0.9996,1,2026-05-15 14:30:40,HIGH,2026-05-15,14
877,858,1.0,0.9996,1,2026-05-15 14:30:40,HIGH,2026-05-15,14
878,859,77.89,0.9974,1,2026-05-15 14:30:40,HIGH,2026-05-15,14
879,861,1.0,0.9996,1,2026-05-15 14:30:40,HIGH,2026-05-15,14
880,862,1.0,0.5471,1,2026-05-15 14:30:40,LOW,2026-05-15,14
881,863,2.22,0.9847,1,2026-05-15 14:30:40,HIGH,2026-05-15,14
882,865,108.51,0.8162,1,2026-05-15 14:30:40,MEDIUM,2026-05-15,14
883,868,139.9,0.9997,1,2026-05-15 14:30:40,HIGH,2026-05-15,14
884,869,99.99,0.9997,1,2026-05-15 14:30:40,HIGH,2026-05-15,14
885,870,45.51,0.9952,1,2026-05-15 14:30:40,HIGH,2026-05-15,14
886,872,9.99,0.9796,1,2026-05-15 14:30:40,HIGH,2026-05-15,14
887,877,99.99,0.9997,1,2026-05-15 14:30:41,HIGH,2026-05-15,14
888,879,1.0,0.9983,1,2026-05-15 14:30:41,HIGH,2026-05-15,14
889,880,0.76,0.6994,1,2026-05-15 14:30:41,LOW,2026-05-15,14
890,881,3.79,0.5903,1,2026-05-15 14:30:41,LOW,2026-05-15,14
891,883,362.55,0.998,1,2026-05-15 14:30:41,HIGH,2026-05-15,14
892,884,5.0,0.9997,1,2026-05-15 14:30:41,HIGH,2026-05-15,14
893,886,720.38,0.9995,1,2026-05-15 14:30:41,HIGH,2026-05-15,14
894,888,1.0,0.9996,1,2026-05-15 14:30:41,HIGH,2026-05-15,14
895,890,0.0,0.9971,1,2026-05-15 14:30:41,HIGH,2026-05-15,14
896,894,8.54,0.9997,1,2026-05-15 14:30:42,HIGH,2026-05-15,14
897,896,1.0,0.9855,1,2026-05-15 14:30:42,HIGH,2026-05-15,14
898,898,3.14,0.9742,1,2026-05-15 14:30:42,HIGH,2026-05-15,14
899,899,35.0,0.9895,1,2026-05-15 14:30:42,HIGH,2026-05-15,14
900,903,12.31,0.9997,1,2026-05-15 14:30:42,HIGH,2026-05-15,14
901,904,319.2,0.9977,1,2026-05-15 14:30:42,HIGH,2026-05-15,14
902,905,1.0,0.7592,1,2026-05-15 14:30:42,MEDIUM,2026-05-15,14
903,908,0.77,0.9856,1,2026-05-15 14:30:42,HIGH,2026-05-15,14
904,910,1.0,0.8161,1,2026-05-15 14:30:42,MEDIUM,2026-05-15,14
905,913,1.0,0.9834,1,2026-05-15 14:30:42,HIGH,2026-05-15,14
906,915,0.0,0.9986,1,2026-05-15 14:30:43,HIGH,2026-05-15,14
907,920,99.99,0.9997,1,2026-05-15 14:30:43,HIGH,2026-05-15,14
908,921,19.04,0.9786,1,2026-05-15 14:30:43,HIGH,2026-05-15,14
909,922,1.0,0.9997,1,2026-05-15 14:30:43,HIGH,2026-05-15,14
910,925,0.76,0.9958,1,2026-05-15 14:30:43,HIGH,2026-05-15,14
911,926,1096.99,0.8006,1,2026-05-15 14:30:43,MEDIUM,2026-05-15,14
912,927,0.0,0.9808,1,2026-05-15 14:30:43,HIGH,2026-05-15,14
913,928,125.3,0.9994,1,2026-05-15 14:30:43,HIGH,2026-05-15,14
914,929,0.0,0.9997,1,2026-05-15 14:30:43,HIGH,2026-05-15,14
915,932,7.59,0.9997,1,2026-05-15 14:30:43,HIGH,2026-05-15,14
916,934,16.48,0.9931,1,2026-05-15 14:30:43,HIGH,2026-05-15,14
917,935,1.0,0.9996,1,2026-05-15 14:30:44,HIGH,2026-05-15,14
918,936,45.48,0.9997,1,2026-05-15 14:30:44,HIGH,2026-05-15,14
919,938,1.0,0.979,1,2026-05-15 14:30:44,HIGH,2026-05-15,14
920,939,0.0,0.9997,1,2026-05-15 14:30:44,HIGH,2026-05-15,14
921,940,99.99,0.9997,1,2026-05-15 14:30:44,HIGH,2026-05-15,14
922,945,634.3,0.8345,1,2026-05-15 14:30:44,MEDIUM,2026-05-15,14
923,949,311.28,0.9954,1,2026-05-15 14:30:44,HIGH,2026-05-15,14
924,954,444.17,0.9996,1,2026-05-15 14:30:44,HIGH,2026-05-15,14
925,957,0.77,0.9996,1,2026-05-15 14:30:45,HIGH,2026-05-15,14
926,960,99.99,0.9997,1,2026-05-15 14:30:45,HIGH,2026-05-15,14
927,961,4.69,0.9997,1,2026-05-15 14:30:45,HIGH,2026-05-15,14
928,965,1.0,0.982,1,2026-05-15 14:30:45,HIGH,2026-05-15,14
929,966,1.1,0.9992,1,2026-05-15 14:30:45,HIGH,2026-05-15,14
930,967,97.0,0.9996,1,2026-05-15 14:30:45,HIGH,2026-05-15,14
931,968,0.77,0.9996,1,2026-05-15 14:30:45,HIGH,2026-05-15,14
932,969,208.58,0.8412,1,2026-05-15 14:30:45,MEDIUM,2026-05-15,14
933,970,1.0,0.9997,1,2026-05-15 14:30:45,HIGH,2026-05-15,14
934,972,1.0,0.9995,1,2026-05-15 14:30:45,HIGH,2026-05-15,14
935,973,0.0,0.9989,1,2026-05-15 14:30:45,HIGH,2026-05-15,14
936,975,8.9,0.9987,1,2026-05-15 14:30:46,HIGH,2026-05-15,14
937,976,42.53,0.8013,1,2026-05-15 14:30:46,MEDIUM,2026-05-15,14
938,977,1.0,0.9997,1,2026-05-15 14:30:46,HIGH,2026-05-15,14
939,979,104.03,0.9997,1,2026-05-15 14:30:46,HIGH,2026-05-15,14
940,981,273.01,0.9997,1,2026-05-15 14:30:46,HIGH,2026-05-15,14
941,984,14.46,0.9997,1,2026-05-15 14:30:46,HIGH,2026-05-15,14
942,985,720.8,0.9059,1,2026-05-15 14:30:46,HIGH,2026-05-15,14
943,986,717.15,0.9974,1,2026-05-15 14:30:46,HIGH,2026-05-15,14
944,987,0.77,0.9996,1,2026-05-15 14:30:46,HIGH,2026-05-15,14
945,988,2.28,0.9996,1,2026-05-15 14:30:46,HIGH,2026-05-15,14
946,989,0.0,0.9604,1,2026-05-15 14:30:46,HIGH,2026-05-15,14
947,990,187.11,0.7864,1,2026-05-15 14:30:46,MEDIUM,2026-05-15,14
948,991,0.0,0.9997,1,2026-05-15 14:30:46,HIGH,2026-05-15,14
949,993,1.0,0.9997,1,2026-05-15 14:30:47,HIGH,2026-05-15,14
950,995,99.99,0.9997,1,2026-05-15 14:30:47,HIGH,2026-05-15,14
951,996,1.0,0.9979,1,2026-05-15 14:30:47,HIGH,2026-05-15,14
952,997,354.33,0.6951,1,2026-05-15 14:30:47,LOW,2026-05-15,14
953,999,50.0,0.9841,1,2026-05-15 14:30:47,HIGH,2026-05-15,14
954,1000,12.31,0.9918,1,2026-05-15 14:30:47,HIGH,2026-05-15,14
955,5,1.0,0.9995,1,2026-05-15 21:28:47,HIGH,2026-05-15,21
956,10,802.52,0.8944,1,2026-05-15 21:28:47,MEDIUM,2026-05-15,21
957,12,99.99,0.9997,1,2026-05-15 21:28:47,HIGH,2026-05-15,21
958,17,323.77,0.9442,1,2026-05-15 21:28:47,HIGH,2026-05-15,21
959,20,1.0,0.9996,1,2026-05-15 21:28:48,HIGH,2026-05-15,21
960,22,0.0,0.9977,1,2026-05-15 21:28:48,HIGH,2026-05-15,21
961,23,175.9,0.9996,1,2026-05-15 21:28:48,HIGH,2026-05-15,21
962,25,1402.16,0.9987,1,2026-05-15 21:28:48,HIGH,2026-05-15,21
963,26,318.11,0.9989,1,2026-05-15 21:28:48,HIGH,2026-05-15,21
964,27,111.7,0.9997,1,2026-05-15 21:28:48,HIGH,2026-05-15,21
965,31,0.0,0.9997,1,2026-05-15 21:28:48,HIGH,2026-05-15,21
966,32,1.0,0.9997,1,2026-05-15 21:28:48,HIGH,2026-05-15,21
967,35,1.0,0.9951,1,2026-05-15 21:28:49,HIGH,2026-05-15,21
968,36,1389.56,0.9992,1,2026-05-15 21:28:49,HIGH,2026-05-15,21
969,40,99.99,0.9997,1,2026-05-15 21:28:49,HIGH,2026-05-15,21
970,41,8.64,0.9997,1,2026-05-15 21:28:49,HIGH,2026-05-15,21
971,42,1.0,0.9997,1,2026-05-15 21:28:49,HIGH,2026-05-15,21
972,43,37.93,0.9997,1,2026-05-15 21:28:49,HIGH,2026-05-15,21
973,45,316.06,0.9997,1,2026-05-15 21:28:49,HIGH,2026-05-15,21
974,46,240.77,0.9997,1,2026-05-15 21:28:49,HIGH,2026-05-15,21
975,49,10.7,0.9994,1,2026-05-15 21:28:50,HIGH,2026-05-15,21
976,53,0.2,0.8203,1,2026-05-15 21:28:50,MEDIUM,2026-05-15,21
977,55,1.0,0.9996,1,2026-05-15 21:28:50,HIGH,2026-05-15,21
978,56,0.0,0.9996,1,2026-05-15 21:28:50,HIGH,2026-05-15,21
979,58,1.0,0.9996,1,2026-05-15 21:28:50,HIGH,2026-05-15,21
980,59,7.53,0.9996,1,2026-05-15 21:28:50,HIGH,2026-05-15,21
981,61,0.01,0.9997,1,2026-05-15 21:28:50,HIGH,2026-05-15,21
982,62,1.0,0.9996,1,2026-05-15 21:28:51,HIGH,2026-05-15,21
983,64,1.1,0.9995,1,2026-05-15 21:28:51,HIGH,2026-05-15,21
984,69,99.99,0.9997,1,2026-05-15 21:28:51,HIGH,2026-05-15,21
985,71,1.0,0.948,1,2026-05-15 21:28:51,HIGH,2026-05-15,21
986,75,600.73,0.9977,1,2026-05-15 21:28:51,HIGH,2026-05-15,21
987,76,1.0,0.9923,1,2026-05-15 21:28:51,HIGH,2026-05-15,21
988,78,3.79,0.8699,1,2026-05-15 21:28:52,MEDIUM,2026-05-15,21
989,80,30.31,0.9997,1,2026-05-15 21:28:52,HIGH,2026-05-15,21
990,82,99.99,0.9997,1,2026-05-15 21:28:52,HIGH,2026-05-15,21
991,83,252.92,0.9997,1,2026-05-15 21:28:52,HIGH,2026-05-15,21
992,84,99.99,0.9997,1,2026-05-15 21:28:52,HIGH,2026-05-15,21
993,85,1.0,0.9996,1,2026-05-15 21:28:52,HIGH,2026-05-15,21
994,90,1.0,0.7718,1,2026-05-15 21:28:52,MEDIUM,2026-05-15,21
995,91,480.72,0.8929,1,2026-05-15 21:28:53,MEDIUM,2026-05-15,21
996,92,0.0,0.9989,1,2026-05-15 21:28:53,HIGH,2026-05-15,21
997,94,1354.25,0.9989,1,2026-05-15 21:28:53,HIGH,2026-05-15,21
998,96,237.26,0.9914,1,2026-05-15 21:28:53,HIGH,2026-05-15,21
999,98,19.02,0.9969,1,2026-05-15 21:28:53,HIGH,2026-05-15,21
1000,99,99.99,0.9997,1,2026-05-15 21:28:53,HIGH,2026-05-15,21
1001,102,186.13,0.9994,1,2026-05-15 21:28:53,HIGH,2026-05-15,21
1002,104,1.0,0.9834,1,2026-05-15 21:28:53,HIGH,2026-05-15,21
1003,109,99.99,0.9997,1,2026-05-15 21:28:54,HIGH,2026-05-15,21
1004,115,0.0,0.9996,1,2026-05-15 21:28:54,HIGH,2026-05-15,21
1005,116,1.1,0.9889,1,2026-05-15 21:28:54,HIGH,2026-05-15,21
1006,117,153.46,0.9997,1,2026-05-15 21:28:54,HIGH,2026-05-15,21
1007,120,75.86,0.9996,1,2026-05-15 21:28:55,HIGH,2026-05-15,21
1008,122,1.59,0.9995,1,2026-05-15 21:28:55,HIGH,2026-05-15,21
1009,124,60.0,0.9737,1,2026-05-15 21:28:55,HIGH,2026-05-15,21
1010,125,0.76,0.7807,1,2026-05-15 21:28:55,MEDIUM,2026-05-15,21
1011,128,1.0,0.9997,1,2026-05-15 21:28:55,HIGH,2026-05-15,21
1012,133,0.0,0.9997,1,2026-05-15 21:28:55,HIGH,2026-05-15,21
1013,136,1.0,0.9996,1,2026-05-15 21:28:56,HIGH,2026-05-15,21
1014,137,459.07,0.9994,1,2026-05-15 21:28:56,HIGH,2026-05-15,21
1015,138,0.0,0.9721,1,2026-05-15 21:28:56,HIGH,2026-05-15,21
1016,139,1.0,0.9996,1,2026-05-15 21:28:56,HIGH,2026-05-15,21
1017,140,99.99,0.9997,1,2026-05-15 21:28:56,HIGH,2026-05-15,21
1018,141,1218.89,0.9896,1,2026-05-15 21:28:56,HIGH,2026-05-15,21
1019,142,99.85,0.9997,1,2026-05-15 21:28:56,HIGH,2026-05-15,21
1020,144,451.27,0.8537,1,2026-05-15 21:28:56,MEDIUM,2026-05-15,21
1021,148,30.14,0.7477,1,2026-05-15 21:28:57,MEDIUM,2026-05-15,21
1022,150,33.76,0.6103,1,2026-05-15 21:28:57,LOW,2026-05-15,21
1023,152,0.76,0.9996,1,2026-05-15 21:28:57,HIGH,2026-05-15,21
1024,154,122.68,0.9996,1,2026-05-15 21:28:57,HIGH,2026-05-15,21
1025,156,7.06,0.9713,1,2026-05-15 21:28:57,HIGH,2026-05-15,21
1026,157,104.03,0.9997,1,2026-05-15 21:28:57,HIGH,2026-05-15,21
1027,159,3.76,0.9711,1,2026-05-15 21:28:57,HIGH,2026-05-15,21
1028,167,44.9,0.9997,1,2026-05-15 21:28:58,HIGH,2026-05-15,21
1029,169,11.4,0.9996,1,2026-05-15 21:28:58,HIGH,2026-05-15,21
1030,170,1.0,0.9997,1,2026-05-15 21:28:58,HIGH,2026-05-15,21
1031,171,2125.87,0.8583,1,2026-05-15 21:28:58,MEDIUM,2026-05-15,21
1032,172,0.38,0.999,1,2026-05-15 21:28:58,HIGH,2026-05-15,21
1033,173,112.33,0.9997,1,2026-05-15 21:28:58,HIGH,2026-05-15,21
1034,175,349.08,0.9984,1,2026-05-15 21:28:58,HIGH,2026-05-15,21
1035,176,45.51,0.9997,1,2026-05-15 21:28:58,HIGH,2026-05-15,21
1036,177,1.0,0.926,1,2026-05-15 21:28:59,HIGH,2026-05-15,21
1037,178,106.9,0.9996,1,2026-05-15 21:28:59,HIGH,2026-05-15,21
1038,183,2.0,0.9995,1,2026-05-15 21:28:59,HIGH,2026-05-15,21
1039,186,99.99,0.9996,1,2026-05-15 21:28:59,HIGH,2026-05-15,21
1040,188,3.22,0.7293,1,2026-05-15 21:28:59,MEDIUM,2026-05-15,21
1041,194,18.98,0.9976,1,2026-05-15 21:29:00,HIGH,2026-05-15,21
1042,195,1.0,0.9991,1,2026-05-15 21:29:00,HIGH,2026-05-15,21
1043,196,2.0,0.9989,1,2026-05-15 21:29:00,HIGH,2026-05-15,21
1044,197,0.76,0.9943,1,2026-05-15 21:29:00,HIGH,2026-05-15,21
1045,198,1.0,0.9835,1,2026-05-15 21:29:00,HIGH,2026-05-15,21
1046,200,99.99,0.9997,1,2026-05-15 21:29:00,HIGH,2026-05-15,21
1047,201,1.0,0.998,1,2026-05-15 21:29:00,HIGH,2026-05-15,21
1048,207,99.99,0.9997,1,2026-05-15 21:29:01,HIGH,2026-05-15,21
1049,211,99.99,0.9997,1,2026-05-15 21:29:01,HIGH,2026-05-15,21
1050,212,1.0,0.9973,1,2026-05-15 21:29:01,HIGH,2026-05-15,21
1051,216,1.0,0.9996,1,2026-05-15 21:29:01,HIGH,2026-05-15,21
1052,218,219.8,0.9996,1,2026-05-15 21:29:01,HIGH,2026-05-15,21
1053,221,188.52,0.9997,1,2026-05-15 21:29:01,HIGH,2026-05-15,21
1054,224,1.0,0.9996,1,2026-05-15 21:29:02,HIGH,2026-05-15,21
1055,226,239.93,0.909,1,2026-05-15 21:29:02,HIGH,2026-05-15,21
1056,228,0.0,0.9996,1,2026-05-15 21:29:02,HIGH,2026-05-15,21
1057,231,346.94,0.9996,1,2026-05-15 21:29:02,HIGH,2026-05-15,21
1058,233,12.31,0.9248,1,2026-05-15 21:29:02,HIGH,2026-05-15,21
1059,235,1.0,0.9996,1,2026-05-15 21:29:02,HIGH,2026-05-15,21
1060,236,30.39,0.9997,1,2026-05-15 21:29:02,HIGH,2026-05-15,21
1061,239,1.0,0.954,1,2026-05-15 21:29:03,HIGH,2026-05-15,21
1062,240,1.0,0.9971,1,2026-05-15 21:29:03,HIGH,2026-05-15,21
1063,241,59.0,0.9393,1,2026-05-15 21:29:03,HIGH,2026-05-15,21
1064,242,101.5,0.9994,1,2026-05-15 21:29:03,HIGH,2026-05-15,21
1065,245,30.31,0.9997,1,2026-05-15 21:29:03,HIGH,2026-05-15,21
1066,246,0.76,0.9997,1,2026-05-15 21:29:03,HIGH,2026-05-15,21
1067,247,0.0,0.9989,1,2026-05-15 21:29:03,HIGH,2026-05-15,21
1068,248,99.99,0.9997,1,2026-05-15 21:29:03,HIGH,2026-05-15,21
1069,249,30.3,0.948,1,2026-05-15 21:29:03,HIGH,2026-05-15,21
1070,250,38.76,0.986,1,2026-05-15 21:29:03,HIGH,2026-05-15,21
1071,251,0.68,0.9939,1,2026-05-15 21:29:04,HIGH,2026-05-15,21
1072,255,120.54,0.9796,1,2026-05-15 21:29:04,HIGH,2026-05-15,21
1073,256,1.63,0.9996,1,2026-05-15 21:29:04,HIGH,2026-05-15,21
1074,260,1.0,0.9994,1,2026-05-15 21:29:04,HIGH,2026-05-15,21
1075,262,0.77,0.9996,1,2026-05-15 21:29:04,HIGH,2026-05-15,21
1076,263,9.13,0.9997,1,2026-05-15 21:29:04,HIGH,2026-05-15,21
1077,264,0.0,0.9997,1,2026-05-15 21:29:04,HIGH,2026-05-15,21
1078,265,65.0,0.9996,1,2026-05-15 21:29:04,HIGH,2026-05-15,21
1079,268,276.17,0.9075,1,2026-05-15 21:29:05,HIGH,2026-05-15,21
1080,270,723.21,0.933,1,2026-05-15 21:29:05,HIGH,2026-05-15,21
1081,271,245.0,0.9995,1,2026-05-15 21:29:05,HIGH,2026-05-15,21
1082,272,88.23,0.9997,1,2026-05-15 21:29:05,HIGH,2026-05-15,21
1083,274,254.76,0.9997,1,2026-05-15 21:29:05,HIGH,2026-05-15,21
1084,276,1.0,0.9996,1,2026-05-15 21:29:05,HIGH,2026-05-15,21
1085,277,113.92,0.9996,1,2026-05-15 21:29:05,HIGH,2026-05-15,21
1086,279,0.68,0.99,1,2026-05-15 21:29:05,HIGH,2026-05-15,21
1087,283,238.9,0.9995,1,2026-05-15 21:29:06,HIGH,2026-05-15,21
1088,284,261.22,0.8382,1,2026-05-15 21:29:06,MEDIUM,2026-05-15,21
1089,285,290.18,0.6486,1,2026-05-15 21:29:06,LOW,2026-05-15,21
1090,287,105.89,0.9867,1,2026-05-15 21:29:06,HIGH,2026-05-15,21
1091,288,247.86,0.9854,1,2026-05-15 21:29:06,HIGH,2026-05-15,21
1092,289,1.0,0.9996,1,2026-05-15 21:29:06,HIGH,2026-05-15,21
1093,294,0.77,0.9995,1,2026-05-15 21:29:06,HIGH,2026-05-15,21
1094,295,11.0,0.9993,1,2026-05-15 21:29:07,HIGH,2026-05-15,21
1095,296,4.97,0.9995,1,2026-05-15 21:29:07,HIGH,2026-05-15,21
1096,298,0.76,0.9997,1,2026-05-15 21:29:07,HIGH,2026-05-15,21
1097,299,1.0,0.9986,1,2026-05-15 21:29:07,HIGH,2026-05-15,21
1098,300,1.0,0.7881,1,2026-05-15 21:29:07,MEDIUM,2026-05-15,21
1099,302,0.01,0.9997,1,2026-05-15 21:29:07,HIGH,2026-05-15,21
1100,303,0.0,0.7507,1,2026-05-15 21:29:07,MEDIUM,2026-05-15,21
1101,304,996.27,0.9854,1,2026-05-15 21:29:07,HIGH,2026-05-15,21
1102,307,0.92,0.908,1,2026-05-15 21:29:07,HIGH,2026-05-15,21
1103,315,357.95,0.9051,1,2026-05-15 21:29:08,HIGH,2026-05-15,21
1104,316,1504.93,0.9973,1,2026-05-15 21:29:08,HIGH,2026-05-15,21
1105,317,1.0,0.9996,1,2026-05-15 21:29:08,HIGH,2026-05-15,21
1106,320,294.9,0.9997,1,2026-05-15 21:29:08,HIGH,2026-05-15,21
1107,321,99.99,0.9997,1,2026-05-15 21:29:08,HIGH,2026-05-15,21
1108,322,1.0,0.9997,1,2026-05-15 21:29:08,HIGH,2026-05-15,21
1109,323,78.0,0.9997,1,2026-05-15 21:29:08,HIGH,2026-05-15,21
1110,327,0.01,0.9985,1,2026-05-15 21:29:09,HIGH,2026-05-15,21
1111,328,19.95,0.5415,1,2026-05-15 21:29:09,LOW,2026-05-15,21
1112,330,39.45,0.9996,1,2026-05-15 21:29:09,HIGH,2026-05-15,21
1113,332,1.0,0.9996,1,2026-05-15 21:29:09,HIGH,2026-05-15,21
1114,335,0.0,0.7334,1,2026-05-15 21:29:09,MEDIUM,2026-05-15,21
1115,336,1.0,0.9996,1,2026-05-15 21:29:09,HIGH,2026-05-15,21
1116,341,0.77,0.9996,1,2026-05-15 21:29:10,HIGH,2026-05-15,21
1117,344,37.32,0.9997,1,2026-05-15 21:29:10,HIGH,2026-05-15,21
1118,345,0.01,0.999,1,2026-05-15 21:29:10,HIGH,2026-05-15,21
1119,346,94.82,0.9996,1,2026-05-15 21:29:10,HIGH,2026-05-15,21
1120,349,18.96,0.9995,1,2026-05-15 21:29:10,HIGH,2026-05-15,21
1121,351,130.44,0.9997,1,2026-05-15 21:29:10,HIGH,2026-05-15,21
1122,352,252.92,0.9997,1,2026-05-15 21:29:10,HIGH,2026-05-15,21
1123,354,99.99,0.9997,1,2026-05-15 21:29:10,HIGH,2026-05-15,21
1124,355,18.0,0.9987,1,2026-05-15 21:29:11,HIGH,2026-05-15,21
1125,356,106.55,0.9997,1,2026-05-15 21:29:11,HIGH,2026-05-15,21
1126,357,316.06,0.9997,1,2026-05-15 21:29:11,HIGH,2026-05-15,21
1127,358,1.59,0.9995,1,2026-05-15 21:29:11,HIGH,2026-05-15,21
1128,359,33.59,0.9993,1,2026-05-15 21:29:11,HIGH,2026-05-15,21
1129,360,648.0,0.9996,1,2026-05-15 21:29:11,HIGH,2026-05-15,21
1130,361,0.0,0.9995,1,2026-05-15 21:29:11,HIGH,2026-05-15,21
1131,363,172.32,0.9997,1,2026-05-15 21:29:11,HIGH,2026-05-15,21
1132,364,51.37,0.9995,1,2026-05-15 21:29:11,HIGH,2026-05-15,21
1133,365,99.99,0.9997,1,2026-05-15 21:29:11,HIGH,2026-05-15,21
1134,366,1.0,0.9995,1,2026-05-15 21:29:11,HIGH,2026-05-15,21
1135,368,1.75,0.9995,1,2026-05-15 21:29:11,HIGH,2026-05-15,21
1136,369,925.31,0.9961,1,2026-05-15 21:29:12,HIGH,2026-05-15,21
1137,373,1.0,0.9995,1,2026-05-15 21:29:12,HIGH,2026-05-15,21
1138,374,8.0,0.9995,1,2026-05-15 21:29:12,HIGH,2026-05-15,21
1139,375,1.0,0.9995,1,2026-05-15 21:29:12,HIGH,2026-05-15,21
1140,377,127.14,0.9997,1,2026-05-15 21:29:12,HIGH,2026-05-15,21
1141,378,23.36,0.9895,1,2026-05-15 21:29:12,HIGH,2026-05-15,21
1142,381,426.4,0.9993,1,2026-05-15 21:29:12,HIGH,2026-05-15,21
1143,382,204.27,0.9989,1,2026-05-15 21:29:12,HIGH,2026-05-15,21
1144,384,3.79,0.9789,1,2026-05-15 21:29:13,HIGH,2026-05-15,21
1145,385,101.5,0.9984,1,2026-05-15 21:29:13,HIGH,2026-05-15,21
1146,388,364.19,0.9896,1,2026-05-15 21:29:13,HIGH,2026-05-15,21
1147,391,7.52,0.9997,1,2026-05-15 21:29:13,HIGH,2026-05-15,21
1148,392,3.93,0.7559,1,2026-05-15 21:29:13,MEDIUM,2026-05-15,21
1149,394,0.76,0.9992,1,2026-05-15 21:29:13,HIGH,2026-05-15,21
1150,396,3.12,0.9435,1,2026-05-15 21:29:13,HIGH,2026-05-15,21
1151,397,0.76,0.929,1,2026-05-15 21:29:13,HIGH,2026-05-15,21
1152,398,1.0,0.9996,1,2026-05-15 21:29:13,HIGH,2026-05-15,21
1153,401,1809.68,0.5584,1,2026-05-15 21:29:14,LOW,2026-05-15,21
1154,402,7.59,0.6952,1,2026-05-15 21:29:14,LOW,2026-05-15,21
1155,408,22.04,0.9974,1,2026-05-15 21:29:14,HIGH,2026-05-15,21
1156,409,1.0,0.9996,1,2026-05-15 21:29:14,HIGH,2026-05-15,21
1157,414,1.0,0.9997,1,2026-05-15 21:29:14,HIGH,2026-05-15,21
1158,421,1.0,0.9996,1,2026-05-15 21:29:15,HIGH,2026-05-15,21
1159,423,39.9,0.9866,1,2026-05-15 21:29:15,HIGH,2026-05-15,21
1160,425,2.0,0.9958,1,2026-05-15 21:29:15,HIGH,2026-05-15,21
1161,426,25.0,0.9976,1,2026-05-15 21:29:15,HIGH,2026-05-15,21
1162,427,0.68,0.999,1,2026-05-15 21:29:15,HIGH,2026-05-15,21
1163,428,99.99,0.9997,1,2026-05-15 21:29:15,HIGH,2026-05-15,21
1164,430,0.0,0.9997,1,2026-05-15 21:29:15,HIGH,2026-05-15,21
1165,431,6.99,0.9486,1,2026-05-15 21:29:16,HIGH,2026-05-15,21
1166,432,144.62,0.9994,1,2026-05-15 21:29:16,HIGH,2026-05-15,21
1167,433,80.22,0.9994,1,2026-05-15 21:29:16,HIGH,2026-05-15,21
1168,434,6.74,0.9997,1,2026-05-15 21:29:16,HIGH,2026-05-15,21
1169,435,1.0,0.9997,1,2026-05-15 21:29:16,HIGH,2026-05-15,21
1170,436,1.0,0.9994,1,2026-05-15 21:29:16,HIGH,2026-05-15,21
1171,437,311.91,0.9199,1,2026-05-15 21:29:16,HIGH,2026-05-15,21
1172,438,67.9,0.9995,1,2026-05-15 21:29:16,HIGH,2026-05-15,21
1173,441,549.06,0.7448,1,2026-05-15 21:29:16,MEDIUM,2026-05-15,21
1174,448,261.87,0.6249,1,2026-05-15 21:29:17,LOW,2026-05-15,21
1175,453,39.45,0.9995,1,2026-05-15 21:29:17,HIGH,2026-05-15,21
1176,454,360.0,0.9976,1,2026-05-15 21:29:17,HIGH,2026-05-15,21
1177,455,99.9,0.9997,1,2026-05-15 21:29:17,HIGH,2026-05-15,21
1178,459,80.9,0.998,1,2026-05-15 21:29:17,HIGH,2026-05-15,21
1179,460,1.0,0.9997,1,2026-05-15 21:29:17,HIGH,2026-05-15,21
1180,461,99.99,0.9997,1,2026-05-15 21:29:17,HIGH,2026-05-15,21
1181,462,88.23,0.9997,1,2026-05-15 21:29:18,HIGH,2026-05-15,21
1182,465,345.0,0.9689,1,2026-05-15 21:29:18,HIGH,2026-05-15,21
1183,466,1.0,0.9296,1,2026-05-15 21:29:18,HIGH,2026-05-15,21
1184,467,5.3,0.9997,1,2026-05-15 21:29:18,HIGH,2026-05-15,21
1185,468,1.18,0.9996,1,2026-05-15 21:29:18,HIGH,2026-05-15,21
1186,470,0.77,0.9996,1,2026-05-15 21:29:18,HIGH,2026-05-15,21
1187,471,144.8,0.9996,1,2026-05-15 21:29:18,HIGH,2026-05-15,21
1188,472,19.02,0.9997,1,2026-05-15 21:29:18,HIGH,2026-05-15,21
1189,474,1.52,0.5603,1,2026-05-15 21:29:18,LOW,2026-05-15,21
1190,475,147.87,0.9993,1,2026-05-15 21:29:18,HIGH,2026-05-15,21
1191,482,60.6,0.9994,1,2026-05-15 21:29:19,HIGH,2026-05-15,21
1192,483,1.0,0.9989,1,2026-05-15 21:29:19,HIGH,2026-05-15,21
1193,484,22.47,0.8834,1,2026-05-15 21:29:19,MEDIUM,2026-05-15,21
1194,486,766.36,0.9997,1,2026-05-15 21:29:19,HIGH,2026-05-15,21
1195,487,1.0,0.9997,1,2026-05-15 21:29:19,HIGH,2026-05-15,21
1196,488,9.82,0.9987,1,2026-05-15 21:29:19,HIGH,2026-05-15,21
1197,489,99.99,0.9997,1,2026-05-15 21:29:19,HIGH,2026-05-15,21
1198,494,111.7,0.9997,1,2026-05-15 21:29:19,HIGH,2026-05-15,21
1199,495,0.0,0.9879,1,2026-05-15 21:29:19,HIGH,2026-05-15,21
1200,496,1.0,0.9996,1,2026-05-15 21:29:20,HIGH,2026-05-15,21
1201,497,1.0,0.9997,1,2026-05-15 21:29:20,HIGH,2026-05-15,21
1202,498,0.0,0.9997,1,2026-05-15 21:29:20,HIGH,2026-05-15,21
1203,503,727.91,0.9994,1,2026-05-15 21:29:20,HIGH,2026-05-15,21
1204,508,1.0,0.9857,1,2026-05-15 21:29:20,HIGH,2026-05-15,21
1205,511,1.0,0.9921,1,2026-05-15 21:29:20,HIGH,2026-05-15,21
1206,513,2.28,0.9996,1,2026-05-15 21:29:21,HIGH,2026-05-15,21
1207,514,1.0,0.9996,1,2026-05-15 21:29:21,HIGH,2026-05-15,21
1208,515,1.63,0.9997,1,2026-05-15 21:29:21,HIGH,2026-05-15,21
1209,517,489.71,0.9993,1,2026-05-15 21:29:21,HIGH,2026-05-15,21
1210,518,0.83,0.9997,1,2026-05-15 21:29:21,HIGH,2026-05-15,21
1211,520,1.0,0.9996,1,2026-05-15 21:29:21,HIGH,2026-05-15,21
1212,521,17.06,0.9994,1,2026-05-15 21:29:21,HIGH,2026-05-15,21
1213,524,104.0,0.9997,1,2026-05-15 21:29:21,HIGH,2026-05-15,21
1214,525,1.0,0.9713,1,2026-05-15 21:29:21,HIGH,2026-05-15,21
1215,528,454.82,0.9993,1,2026-05-15 21:29:22,HIGH,2026-05-15,21
1216,530,0.76,0.9009,1,2026-05-15 21:29:22,HIGH,2026-05-15,21
1217,532,99.99,0.9997,1,2026-05-15 21:29:22,HIGH,2026-05-15,21
1218,534,9.21,0.962,1,2026-05-15 21:29:22,HIGH,2026-05-15,21
1219,536,17.39,0.9588,1,2026-05-15 21:29:22,HIGH,2026-05-15,21
1220,537,1.0,0.9991,1,2026-05-15 21:29:22,HIGH,2026-05-15,21
1221,538,730.86,0.9965,1,2026-05-15 21:29:22,HIGH,2026-05-15,21
1222,540,1.0,0.9997,1,2026-05-15 21:29:22,HIGH,2026-05-15,21
1223,541,0.01,0.9997,1,2026-05-15 21:29:22,HIGH,2026-05-15,21
1224,542,2.0,0.9993,1,2026-05-15 21:29:22,HIGH,2026-05-15,21
1225,543,824.83,0.9945,1,2026-05-15 21:29:22,HIGH,2026-05-15,21
1226,544,390.0,0.9993,1,2026-05-15 21:29:22,HIGH,2026-05-15,21
1227,545,1.52,0.9997,1,2026-05-15 21:29:23,HIGH,2026-05-15,21
1228,550,59.68,0.9997,1,2026-05-15 21:29:23,HIGH,2026-05-15,21
1229,551,11.38,0.9997,1,2026-05-15 21:29:23,HIGH,2026-05-15,21
1230,552,156.0,0.9991,1,2026-05-15 21:29:23,HIGH,2026-05-15,21
1231,554,99.99,0.9893,1,2026-05-15 21:29:23,HIGH,2026-05-15,21
1232,557,93.35,0.9962,1,2026-05-15 21:29:23,HIGH,2026-05-15,21
1233,558,512.25,0.9997,1,2026-05-15 21:29:23,HIGH,2026-05-15,21
1234,559,188.78,0.9996,1,2026-05-15 21:29:23,HIGH,2026-05-15,21
1235,560,2.27,0.9987,1,2026-05-15 21:29:23,HIGH,2026-05-15,21
1236,561,270.0,0.9995,1,2026-05-15 21:29:24,HIGH,2026-05-15,21
1237,565,1.0,0.998,1,2026-05-15 21:29:24,HIGH,2026-05-15,21
1238,566,1.0,0.9997,1,2026-05-15 21:29:24,HIGH,2026-05-15,21
1239,568,188.52,0.9997,1,2026-05-15 21:29:24,HIGH,2026-05-15,21
1240,569,2.28,0.9997,1,2026-05-15 21:29:24,HIGH,2026-05-15,21
1241,572,173.07,0.9995,1,2026-05-15 21:29:24,HIGH,2026-05-15,21
1242,574,1.0,0.9996,1,2026-05-15 21:29:24,HIGH,2026-05-15,21
1243,575,0.76,0.9997,1,2026-05-15 21:29:24,HIGH,2026-05-15,21
1244,577,1.0,0.999,1,2026-05-15 21:29:25,HIGH,2026-05-15,21
1245,578,296.0,0.9968,1,2026-05-15 21:29:25,HIGH,2026-05-15,21
1246,579,0.69,0.8775,1,2026-05-15 21:29:25,MEDIUM,2026-05-15,21
1247,581,1.0,0.9996,1,2026-05-15 21:29:25,HIGH,2026-05-15,21
1248,582,1.0,0.9997,1,2026-05-15 21:29:25,HIGH,2026-05-15,21
1249,586,320.01,0.9996,1,2026-05-15 21:29:25,HIGH,2026-05-15,21
1250,590,112.45,0.9961,1,2026-05-15 21:29:25,HIGH,2026-05-15,21
1251,596,1.0,0.9995,1,2026-05-15 21:29:26,HIGH,2026-05-15,21
1252,597,52.69,0.9996,1,2026-05-15 21:29:26,HIGH,2026-05-15,21
1253,601,1.0,0.9996,1,2026-05-15 21:29:26,HIGH,2026-05-15,21
1254,602,0.76,0.9997,1,2026-05-15 21:29:26,HIGH,2026-05-15,21
1255,603,571.48,0.929,1,2026-05-15 21:29:26,HIGH,2026-05-15,21
1256,604,129.0,0.6653,1,2026-05-15 21:29:26,LOW,2026-05-15,21
1257,607,1.0,0.9997,1,2026-05-15 21:29:26,HIGH,2026-05-15,21
1258,608,83.38,0.9997,1,2026-05-15 21:29:27,HIGH,2026-05-15,21
1259,611,0.83,0.9997,1,2026-05-15 21:29:27,HIGH,2026-05-15,21
1260,612,209.65,0.9997,1,2026-05-15 21:29:27,HIGH,2026-05-15,21
1261,620,1.0,0.9996,1,2026-05-15 21:29:27,HIGH,2026-05-15,21
1262,622,7.58,0.8293,1,2026-05-15 21:29:27,MEDIUM,2026-05-15,21
1263,624,0.76,0.9994,1,2026-05-15 21:29:27,HIGH,2026-05-15,21
1264,625,1.0,0.9994,1,2026-05-15 21:29:28,HIGH,2026-05-15,21
1265,627,1.0,0.9996,1,2026-05-15 21:29:28,HIGH,2026-05-15,21
1266,632,39.98,0.9952,1,2026-05-15 21:29:28,HIGH,2026-05-15,21
1267,633,1.18,0.9996,1,2026-05-15 21:29:28,HIGH,2026-05-15,21
1268,636,1.0,0.9996,1,2026-05-15 21:29:28,HIGH,2026-05-15,21
1269,637,1.0,0.9981,1,2026-05-15 21:29:28,HIGH,2026-05-15,21
1270,639,1.0,0.9556,1,2026-05-15 21:29:29,HIGH,2026-05-15,21
1271,641,40.0,0.8293,1,2026-05-15 21:29:29,MEDIUM,2026-05-15,21
1272,642,1.0,0.9996,1,2026-05-15 21:29:29,HIGH,2026-05-15,21
1273,643,1.0,0.9997,1,2026-05-15 21:29:29,HIGH,2026-05-15,21
1274,645,4.87,0.9993,1,2026-05-15 21:29:29,HIGH,2026-05-15,21
1275,646,0.77,0.9983,1,2026-05-15 21:29:29,HIGH,2026-05-15,21
1276,651,5.09,0.8887,1,2026-05-15 21:29:29,MEDIUM,2026-05-15,21
1277,659,19.73,0.9991,1,2026-05-15 21:29:30,HIGH,2026-05-15,21
1278,661,1.0,0.9996,1,2026-05-15 21:29:30,HIGH,2026-05-15,21
1279,665,3.79,0.9997,1,2026-05-15 21:29:30,HIGH,2026-05-15,21
1280,666,1.0,0.9996,1,2026-05-15 21:29:30,HIGH,2026-05-15,21
1281,668,776.83,0.9215,1,2026-05-15 21:29:30,HIGH,2026-05-15,21
1282,669,8.0,0.8973,1,2026-05-15 21:29:30,MEDIUM,2026-05-15,21
1283,670,0.77,0.9986,1,2026-05-15 21:29:31,HIGH,2026-05-15,21
1284,675,30.26,0.9997,1,2026-05-15 21:29:31,HIGH,2026-05-15,21
1285,676,1.0,0.9996,1,2026-05-15 21:29:31,HIGH,2026-05-15,21
1286,677,105.99,0.811,1,2026-05-15 21:29:31,MEDIUM,2026-05-15,21
1287,678,195.66,0.9987,1,2026-05-15 21:29:31,HIGH,2026-05-15,21
1288,680,180.0,0.999,1,2026-05-15 21:29:31,HIGH,2026-05-15,21
1289,684,1.0,0.9986,1,2026-05-15 21:29:31,HIGH,2026-05-15,21
1290,686,1.0,0.9997,1,2026-05-15 21:29:31,HIGH,2026-05-15,21
1291,687,0.76,0.9832,1,2026-05-15 21:29:32,HIGH,2026-05-15,21
1292,689,1.0,0.9855,1,2026-05-15 21:29:32,HIGH,2026-05-15,21
1293,690,78.0,0.9997,1,2026-05-15 21:29:32,HIGH,2026-05-15,21
1294,696,7.57,0.9936,1,2026-05-15 21:29:32,HIGH,2026-05-15,21
1295,698,44.9,0.9997,1,2026-05-15 21:29:32,HIGH,2026-05-15,21
1296,699,1.0,0.9996,1,2026-05-15 21:29:32,HIGH,2026-05-15,21
1297,700,1.0,0.9993,1,2026-05-15 21:29:32,HIGH,2026-05-15,21
1298,706,0.76,0.9095,1,2026-05-15 21:29:32,HIGH,2026-05-15,21
1299,707,24.9,0.7786,1,2026-05-15 21:29:33,MEDIUM,2026-05-15,21
1300,708,88.0,0.9992,1,2026-05-15 21:29:33,HIGH,2026-05-15,21
1301,713,119.74,0.9997,1,2026-05-15 21:29:33,HIGH,2026-05-15,21
1302,714,94.82,0.9997,1,2026-05-15 21:29:33,HIGH,2026-05-15,21
1303,715,18.96,0.9977,1,2026-05-15 21:29:33,HIGH,2026-05-15,21
1304,716,1.0,0.9997,1,2026-05-15 21:29:33,HIGH,2026-05-15,21
1305,717,45.49,0.9997,1,2026-05-15 21:29:33,HIGH,2026-05-15,21
1306,720,1.0,0.9996,1,2026-05-15 21:29:33,HIGH,2026-05-15,21
1307,722,45.64,0.9995,1,2026-05-15 21:29:34,HIGH,2026-05-15,21
1308,724,310.42,0.9997,1,2026-05-15 21:29:34,HIGH,2026-05-15,21
1309,725,1.0,0.9993,1,2026-05-15 21:29:34,HIGH,2026-05-15,21
1310,726,723.21,0.9996,1,2026-05-15 21:29:34,HIGH,2026-05-15,21
1311,727,118.3,0.9997,1,2026-05-15 21:29:34,HIGH,2026-05-15,21
1312,728,170.92,0.9997,1,2026-05-15 21:29:34,HIGH,2026-05-15,21
1313,729,5.91,0.9918,1,2026-05-15 21:29:34,HIGH,2026-05-15,21
1314,730,9.29,0.9866,1,2026-05-15 21:29:34,HIGH,2026-05-15,21
1315,731,124.53,0.9996,1,2026-05-15 21:29:34,HIGH,2026-05-15,21
1316,732,667.55,0.9997,1,2026-05-15 21:29:34,HIGH,2026-05-15,21
1317,738,34.12,0.9997,1,2026-05-15 21:29:34,HIGH,2026-05-15,21
1318,740,592.9,0.9996,1,2026-05-15 21:29:35,HIGH,2026-05-15,21
1319,754,130.21,0.9996,1,2026-05-15 21:29:35,HIGH,2026-05-15,21
1320,757,512.25,0.9997,1,2026-05-15 21:29:35,HIGH,2026-05-15,21
1321,759,57.73,0.9997,1,2026-05-15 21:29:35,HIGH,2026-05-15,21
1322,761,340.11,0.9997,1,2026-05-15 21:29:36,HIGH,2026-05-15,21
1323,763,1.0,0.8428,1,2026-05-15 21:29:36,MEDIUM,2026-05-15,21
1324,767,7.18,0.7238,1,2026-05-15 21:29:36,MEDIUM,2026-05-15,21
1325,770,227.3,0.9994,1,2026-05-15 21:29:36,HIGH,2026-05-15,21
1326,773,1.0,0.9996,1,2026-05-15 21:29:36,HIGH,2026-05-15,21
1327,775,0.0,0.7123,1,2026-05-15 21:29:37,MEDIUM,2026-05-15,21
1328,778,105.89,0.9964,1,2026-05-15 21:29:37,HIGH,2026-05-15,21
1329,779,1.0,0.7257,1,2026-05-15 21:29:37,MEDIUM,2026-05-15,21
1330,783,829.41,0.9041,1,2026-05-15 21:29:37,HIGH,2026-05-15,21
1331,784,0.0,0.9989,1,2026-05-15 21:29:37,HIGH,2026-05-15,21
1332,785,1335.0,0.997,1,2026-05-15 21:29:37,HIGH,2026-05-15,21
1333,786,320.0,0.7824,1,2026-05-15 21:29:37,MEDIUM,2026-05-15,21
1334,789,4.9,0.9833,1,2026-05-15 21:29:37,HIGH,2026-05-15,21
1335,790,0.0,0.9997,1,2026-05-15 21:29:37,HIGH,2026-05-15,21
1336,805,104.81,0.8674,1,2026-05-15 21:29:38,MEDIUM,2026-05-15,21
1337,806,76.94,0.9994,1,2026-05-15 21:29:38,HIGH,2026-05-15,21
1338,808,0.76,0.999,1,2026-05-15 21:29:39,HIGH,2026-05-15,21
1339,810,1.0,0.9996,1,2026-05-15 21:29:39,HIGH,2026-05-15,21
1340,812,0.76,0.9227,1,2026-05-15 21:29:39,HIGH,2026-05-15,21
1341,819,7.61,0.9997,1,2026-05-15 21:29:39,HIGH,2026-05-15,21
1342,821,45.03,0.738,1,2026-05-15 21:29:39,MEDIUM,2026-05-15,21
1343,825,3.9,0.9997,1,2026-05-15 21:29:40,HIGH,2026-05-15,21
1344,828,6.62,0.9984,1,2026-05-15 21:29:40,HIGH,2026-05-15,21
1345,829,84.28,0.9994,1,2026-05-15 21:29:40,HIGH,2026-05-15,21
1346,831,8.3,0.9996,1,2026-05-15 21:29:40,HIGH,2026-05-15,21
1347,835,1.0,0.9844,1,2026-05-15 21:29:40,HIGH,2026-05-15,21
1348,844,4.56,0.9997,1,2026-05-15 21:29:41,HIGH,2026-05-15,21
1349,848,324.59,0.9833,1,2026-05-15 21:29:41,HIGH,2026-05-15,21
1350,850,1.0,0.9996,1,2026-05-15 21:29:41,HIGH,2026-05-15,21
1351,854,6.27,0.9996,1,2026-05-15 21:29:41,HIGH,2026-05-15,21
1352,855,53.95,0.9997,1,2026-05-15 21:29:41,HIGH,2026-05-15,21
1353,856,1.0,0.9996,1,2026-05-15 21:29:41,HIGH,2026-05-15,21
1354,858,1.0,0.9996,1,2026-05-15 21:29:41,HIGH,2026-05-15,21
1355,859,77.89,0.9974,1,2026-05-15 21:29:41,HIGH,2026-05-15,21
1356,861,1.0,0.9996,1,2026-05-15 21:29:41,HIGH,2026-05-15,21
1357,862,1.0,0.5471,1,2026-05-15 21:29:41,LOW,2026-05-15,21
1358,863,2.22,0.9847,1,2026-05-15 21:29:41,HIGH,2026-05-15,21
1359,865,108.51,0.8162,1,2026-05-15 21:29:42,MEDIUM,2026-05-15,21
1360,868,139.9,0.9997,1,2026-05-15 21:29:42,HIGH,2026-05-15,21
1361,869,99.99,0.9997,1,2026-05-15 21:29:42,HIGH,2026-05-15,21
1362,870,45.51,0.9952,1,2026-05-15 21:29:42,HIGH,2026-05-15,21
1363,872,9.99,0.9796,1,2026-05-15 21:29:42,HIGH,2026-05-15,21
1364,877,99.99,0.9997,1,2026-05-15 21:29:42,HIGH,2026-05-15,21
1365,879,1.0,0.9983,1,2026-05-15 21:29:42,HIGH,2026-05-15,21
1366,880,0.76,0.6994,1,2026-05-15 21:29:42,LOW,2026-05-15,21
1367,881,3.79,0.5903,1,2026-05-15 21:29:42,LOW,2026-05-15,21
1368,883,362.55,0.998,1,2026-05-15 21:29:43,HIGH,2026-05-15,21
1369,884,5.0,0.9997,1,2026-05-15 21:29:43,HIGH,2026-05-15,21
1370,886,720.38,0.9995,1,2026-05-15 21:29:43,HIGH,2026-05-15,21
1371,888,1.0,0.9996,1,2026-05-15 21:29:43,HIGH,2026-05-15,21
1372,890,0.0,0.9971,1,2026-05-15 21:29:43,HIGH,2026-05-15,21
1373,894,8.54,0.9997,1,2026-05-15 21:29:43,HIGH,2026-05-15,21
1374,896,1.0,0.9855,1,2026-05-15 21:29:43,HIGH,2026-05-15,21
1375,898,3.14,0.9742,1,2026-05-15 21:29:44,HIGH,2026-05-15,21
1376,899,35.0,0.9895,1,2026-05-15 21:29:44,HIGH,2026-05-15,21
1377,903,12.31,0.9997,1,2026-05-15 21:29:44,HIGH,2026-05-15,21
1378,904,319.2,0.9977,1,2026-05-15 21:29:44,HIGH,2026-05-15,21
1379,905,1.0,0.7592,1,2026-05-15 21:29:44,MEDIUM,2026-05-15,21
1380,908,0.77,0.9856,1,2026-05-15 21:29:44,HIGH,2026-05-15,21
1381,910,1.0,0.8161,1,2026-05-15 21:29:44,MEDIUM,2026-05-15,21
1382,913,1.0,0.9834,1,2026-05-15 21:29:44,HIGH,2026-05-15,21
1383,915,0.0,0.9986,1,2026-05-15 21:29:45,HIGH,2026-05-15,21
1384,920,99.99,0.9997,1,2026-05-15 21:29:45,HIGH,2026-05-15,21
1385,921,19.04,0.9786,1,2026-05-15 21:29:45,HIGH,2026-05-15,21
1386,922,1.0,0.9997,1,2026-05-15 21:29:45,HIGH,2026-05-15,21
1387,925,0.76,0.9958,1,2026-05-15 21:29:45,HIGH,2026-05-15,21
1388,926,1096.99,0.8006,1,2026-05-15 21:29:45,MEDIUM,2026-05-15,21
1389,927,0.0,0.9808,1,2026-05-15 21:29:45,HIGH,2026-05-15,21
1390,928,125.3,0.9994,1,2026-05-15 21:29:45,HIGH,2026-05-15,21
1391,929,0.0,0.9997,1,2026-05-15 21:29:45,HIGH,2026-05-15,21
1392,932,7.59,0.9997,1,2026-05-15 21:29:46,HIGH,2026-05-15,21
1393,934,16.48,0.9931,1,2026-05-15 21:29:46,HIGH,2026-05-15,21
1394,935,1.0,0.9996,1,2026-05-15 21:29:46,HIGH,2026-05-15,21
1395,936,45.48,0.9997,1,2026-05-15 21:29:46,HIGH,2026-05-15,21
1396,938,1.0,0.979,1,2026-05-15 21:29:46,HIGH,2026-05-15,21
1397,939,0.0,0.9997,1,2026-05-15 21:29:46,HIGH,2026-05-15,21
1398,940,99.99,0.9997,1,2026-05-15 21:29:46,HIGH,2026-05-15,21
1399,945,634.3,0.8345,1,2026-05-15 21:29:46,MEDIUM,2026-05-15,21
1400,949,311.28,0.9954,1,2026-05-15 21:29:47,HIGH,2026-05-15,21
1401,954,444.17,0.9996,1,2026-05-15 21:29:47,HIGH,2026-05-15,21
1402,957,0.77,0.9996,1,2026-05-15 21:29:47,HIGH,2026-05-15,21
1403,960,99.99,0.9997,1,2026-05-15 21:29:47,HIGH,2026-05-15,21
1404,961,4.69,0.9997,1,2026-05-15 21:29:47,HIGH,2026-05-15,21
1405,965,1.0,0.982,1,2026-05-15 21:29:48,HIGH,2026-05-15,21
1406,966,1.1,0.9992,1,2026-05-15 21:29:48,HIGH,2026-05-15,21
1407,967,97.0,0.9996,1,2026-05-15 21:29:48,HIGH,2026-05-15,21
1408,968,0.77,0.9996,1,2026-05-15 21:29:48,HIGH,2026-05-15,21
1409,969,208.58,0.8412,1,2026-05-15 21:29:48,MEDIUM,2026-05-15,21
1410,970,1.0,0.9997,1,2026-05-15 21:29:48,HIGH,2026-05-15,21
1411,972,1.0,0.9995,1,2026-05-15 21:29:48,HIGH,2026-05-15,21
1412,973,0.0,0.9989,1,2026-05-15 21:29:48,HIGH,2026-05-15,21
1413,975,8.9,0.9987,1,2026-05-15 21:29:48,HIGH,2026-05-15,21
1414,976,42.53,0.8013,1,2026-05-15 21:29:48,MEDIUM,2026-05-15,21
1415,977,1.0,0.9997,1,2026-05-15 21:29:48,HIGH,2026-05-15,21
1416,979,104.03,0.9997,1,2026-05-15 21:29:48,HIGH,2026-05-15,21
1417,981,273.01,0.9997,1,2026-05-15 21:29:49,HIGH,2026-05-15,21
1418,984,14.46,0.9997,1,2026-05-15 21:29:49,HIGH,2026-05-15,21
1419,985,720.8,0.9059,1,2026-05-15 21:29:49,HIGH,2026-05-15,21
1420,986,717.15,0.9974,1,2026-05-15 21:29:49,HIGH,2026-05-15,21
1421,987,0.77,0.9996,1,2026-05-15 21:29:49,HIGH,2026-05-15,21
1422,988,2.28,0.9996,1,2026-05-15 21:29:49,HIGH,2026-05-15,21
1423,989,0.0,0.9604,1,2026-05-15 21:29:49,HIGH,2026-05-15,21
1424,990,187.11,0.7864,1,2026-05-15 21:29:49,MEDIUM,2026-05-15,21
1425,991,0.0,0.9997,1,2026-05-15 21:29:49,HIGH,2026-05-15,21
1426,993,1.0,0.9997,1,2026-05-15 21:29:49,HIGH,2026-05-15,21
1427,995,99.99,0.9997,1,2026-05-15 21:29:49,HIGH,2026-05-15,21
1428,996,1.0,0.9979,1,2026-05-15 21:29:49,HIGH,2026-05-15,21
1429,997,354.33,0.6951,1,2026-05-15 21:29:50,LOW,2026-05-15,21
1430,999,50.0,0.9841,1,2026-05-15 21:29:50,HIGH,2026-05-15,21
1431,1000,12.31,0.9918,1,2026-05-15 21:29:50,HIGH,2026-05-15,21
