id,transaction_id,amount,fraud_probability,prediction,alert_time,severity
1,5,1.0,0.9995,1,2026-05-15 14:28:35,HIGH
2,10,802.52,0.8944,1,2026-05-15 14:28:35,MEDIUM
3,12,99.99,0.9997,1,2026-05-15 14:28:35,HIGH
4,17,323.77,0.9442,1,2026-05-15 14:28:35,HIGH
5,20,1.0,0.9996,1,2026-05-15 14:28:35,HIGH
6,22,0.0,0.9977,1,2026-05-15 14:28:36,HIGH
7,23,175.9,0.9996,1,2026-05-15 14:28:36,HIGH
8,25,1402.16,0.9987,1,2026-05-15 14:28:36,HIGH
9,26,318.11,0.9989,1,2026-05-15 14:28:36,HIGH
10,27,111.7,0.9997,1,2026-05-15 14:28:36,HIGH
11,31,0.0,0.9997,1,2026-05-15 14:28:36,HIGH
12,32,1.0,0.9997,1,2026-05-15 14:28:36,HIGH
13,35,1.0,0.9951,1,2026-05-15 14:28:36,HIGH
14,36,1389.56,0.9992,1,2026-05-15 14:28:36,HIGH
15,40,99.99,0.9997,1,2026-05-15 14:28:36,HIGH
16,41,8.64,0.9997,1,2026-05-15 14:28:37,HIGH
17,42,1.0,0.9997,1,2026-05-15 14:28:37,HIGH
18,43,37.93,0.9997,1,2026-05-15 14:28:37,HIGH
19,45,316.06,0.9997,1,2026-05-15 14:28:37,HIGH
20,46,240.77,0.9997,1,2026-05-15 14:28:37,HIGH
21,49,10.7,0.9994,1,2026-05-15 14:28:37,HIGH
22,53,0.2,0.8203,1,2026-05-15 14:28:37,MEDIUM
23,55,1.0,0.9996,1,2026-05-15 14:28:37,HIGH
24,56,0.0,0.9996,1,2026-05-15 14:28:37,HIGH
25,58,1.0,0.9996,1,2026-05-15 14:28:37,HIGH
26,59,7.53,0.9996,1,2026-05-15 14:28:37,HIGH
27,61,0.01,0.9997,1,2026-05-15 14:28:38,HIGH
28,62,1.0,0.9996,1,2026-05-15 14:28:38,HIGH
29,64,1.1,0.9995,1,2026-05-15 14:28:38,HIGH
30,69,99.99,0.9997,1,2026-05-15 14:28:38,HIGH
31,71,1.0,0.948,1,2026-05-15 14:28:38,HIGH
32,75,600.73,0.9977,1,2026-05-15 14:28:38,HIGH
33,76,1.0,0.9923,1,2026-05-15 14:28:38,HIGH
34,78,3.79,0.8699,1,2026-05-15 14:28:38,MEDIUM
35,80,30.31,0.9997,1,2026-05-15 14:28:38,HIGH
36,82,99.99,0.9997,1,2026-05-15 14:28:39,HIGH
37,83,252.92,0.9997,1,2026-05-15 14:28:39,HIGH
38,84,99.99,0.9997,1,2026-05-15 14:28:39,HIGH
39,85,1.0,0.9996,1,2026-05-15 14:28:39,HIGH
40,90,1.0,0.7718,1,2026-05-15 14:28:39,MEDIUM
41,91,480.72,0.8929,1,2026-05-15 14:28:39,MEDIUM
42,92,0.0,0.9989,1,2026-05-15 14:28:39,HIGH
43,94,1354.25,0.9989,1,2026-05-15 14:28:39,HIGH
44,96,237.26,0.9914,1,2026-05-15 14:28:39,HIGH
45,98,19.02,0.9969,1,2026-05-15 14:28:39,HIGH
46,99,99.99,0.9997,1,2026-05-15 14:28:39,HIGH
47,102,186.13,0.9994,1,2026-05-15 14:28:40,HIGH
48,104,1.0,0.9834,1,2026-05-15 14:28:40,HIGH
49,109,99.99,0.9997,1,2026-05-15 14:28:40,HIGH
50,115,0.0,0.9996,1,2026-05-15 14:28:40,HIGH
51,116,1.1,0.9889,1,2026-05-15 14:28:40,HIGH
52,117,153.46,0.9997,1,2026-05-15 14:28:40,HIGH
53,120,75.86,0.9996,1,2026-05-15 14:28:40,HIGH
54,122,1.59,0.9995,1,2026-05-15 14:28:41,HIGH
55,124,60.0,0.9737,1,2026-05-15 14:28:41,HIGH
56,125,0.76,0.7807,1,2026-05-15 14:28:41,MEDIUM
57,128,1.0,0.9997,1,2026-05-15 14:28:41,HIGH
58,133,0.0,0.9997,1,2026-05-15 14:28:41,HIGH
59,136,1.0,0.9996,1,2026-05-15 14:28:41,HIGH
60,137,459.07,0.9994,1,2026-05-15 14:28:41,HIGH
61,138,0.0,0.9721,1,2026-05-15 14:28:41,HIGH
62,139,1.0,0.9996,1,2026-05-15 14:28:41,HIGH
63,140,99.99,0.9997,1,2026-05-15 14:28:41,HIGH
64,141,1218.89,0.9896,1,2026-05-15 14:28:42,HIGH
65,142,99.85,0.9997,1,2026-05-15 14:28:42,HIGH
66,144,451.27,0.8537,1,2026-05-15 14:28:42,MEDIUM
67,148,30.14,0.7477,1,2026-05-15 14:28:42,MEDIUM
68,150,33.76,0.6103,1,2026-05-15 14:28:42,LOW
69,152,0.76,0.9996,1,2026-05-15 14:28:42,HIGH
70,154,122.68,0.9996,1,2026-05-15 14:28:42,HIGH
71,156,7.06,0.9713,1,2026-05-15 14:28:42,HIGH
72,157,104.03,0.9997,1,2026-05-15 14:28:42,HIGH
73,159,3.76,0.9711,1,2026-05-15 14:28:42,HIGH
74,167,44.9,0.9997,1,2026-05-15 14:28:43,HIGH
75,169,11.4,0.9996,1,2026-05-15 14:28:43,HIGH
76,170,1.0,0.9997,1,2026-05-15 14:28:43,HIGH
77,171,2125.87,0.8583,1,2026-05-15 14:28:43,MEDIUM
78,172,0.38,0.999,1,2026-05-15 14:28:43,HIGH
79,173,112.33,0.9997,1,2026-05-15 14:28:43,HIGH
80,175,349.08,0.9984,1,2026-05-15 14:28:43,HIGH
81,176,45.51,0.9997,1,2026-05-15 14:28:43,HIGH
82,177,1.0,0.926,1,2026-05-15 14:28:43,HIGH
83,178,106.9,0.9996,1,2026-05-15 14:28:43,HIGH
84,183,2.0,0.9995,1,2026-05-15 14:28:43,HIGH
85,186,99.99,0.9996,1,2026-05-15 14:28:44,HIGH
86,188,3.22,0.7293,1,2026-05-15 14:28:44,MEDIUM
87,194,18.98,0.9976,1,2026-05-15 14:28:44,HIGH
88,195,1.0,0.9991,1,2026-05-15 14:28:44,HIGH
89,196,2.0,0.9989,1,2026-05-15 14:28:44,HIGH
90,197,0.76,0.9943,1,2026-05-15 14:28:44,HIGH
91,198,1.0,0.9835,1,2026-05-15 14:28:44,HIGH
92,200,99.99,0.9997,1,2026-05-15 14:28:44,HIGH
93,201,1.0,0.998,1,2026-05-15 14:28:44,HIGH
94,207,99.99,0.9997,1,2026-05-15 14:28:45,HIGH
95,211,99.99,0.9997,1,2026-05-15 14:28:45,HIGH
96,212,1.0,0.9973,1,2026-05-15 14:28:45,HIGH
97,216,1.0,0.9996,1,2026-05-15 14:28:45,HIGH
98,218,219.8,0.9996,1,2026-05-15 14:28:45,HIGH
99,221,188.52,0.9997,1,2026-05-15 14:28:45,HIGH
100,224,1.0,0.9996,1,2026-05-15 14:28:45,HIGH
101,226,239.93,0.909,1,2026-05-15 14:28:46,HIGH
102,228,0.0,0.9996,1,2026-05-15 14:28:46,HIGH
103,231,346.94,0.9996,1,2026-05-15 14:28:46,HIGH
104,233,12.31,0.9248,1,2026-05-15 14:28:46,HIGH
105,235,1.0,0.9996,1,2026-05-15 14:28:46,HIGH
106,236,30.39,0.9997,1,2026-05-15 14:28:46,HIGH
107,239,1.0,0.954,1,2026-05-15 14:28:46,HIGH
108,240,1.0,0.9971,1,2026-05-15 14:28:46,HIGH
109,241,59.0,0.9393,1,2026-05-15 14:28:46,HIGH
110,242,101.5,0.9994,1,2026-05-15 14:28:46,HIGH
111,245,30.31,0.9997,1,2026-05-15 14:28:47,HIGH
112,246,0.76,0.9997,1,2026-05-15 14:28:47,HIGH
113,247,0.0,0.9989,1,2026-05-15 14:28:47,HIGH
114,248,99.99,0.9997,1,2026-05-15 14:28:47,HIGH
115,249,30.3,0.948,1,2026-05-15 14:28:47,HIGH
116,250,38.76,0.986,1,2026-05-15 14:28:47,HIGH
117,251,0.68,0.9939,1,2026-05-15 14:28:47,HIGH
118,255,120.54,0.9796,1,2026-05-15 14:28:47,HIGH
119,256,1.63,0.9996,1,2026-05-15 14:28:47,HIGH
120,260,1.0,0.9994,1,2026-05-15 14:28:47,HIGH
121,262,0.77,0.9996,1,2026-05-15 14:28:47,HIGH
122,263,9.13,0.9997,1,2026-05-15 14:28:47,HIGH
123,264,0.0,0.9997,1,2026-05-15 14:28:47,HIGH
124,265,65.0,0.9996,1,2026-05-15 14:28:47,HIGH
125,268,276.17,0.9075,1,2026-05-15 14:28:48,HIGH
126,270,723.21,0.933,1,2026-05-15 14:28:48,HIGH
127,271,245.0,0.9995,1,2026-05-15 14:28:48,HIGH
128,272,88.23,0.9997,1,2026-05-15 14:28:48,HIGH
129,274,254.76,0.9997,1,2026-05-15 14:28:48,HIGH
130,276,1.0,0.9996,1,2026-05-15 14:28:48,HIGH
131,277,113.92,0.9996,1,2026-05-15 14:28:48,HIGH
132,279,0.68,0.99,1,2026-05-15 14:28:48,HIGH
133,283,238.9,0.9995,1,2026-05-15 14:28:48,HIGH
134,284,261.22,0.8382,1,2026-05-15 14:28:48,MEDIUM
135,285,290.18,0.6486,1,2026-05-15 14:28:48,LOW
136,287,105.89,0.9867,1,2026-05-15 14:28:49,HIGH
137,288,247.86,0.9854,1,2026-05-15 14:28:49,HIGH
138,289,1.0,0.9996,1,2026-05-15 14:28:49,HIGH
139,294,0.77,0.9995,1,2026-05-15 14:28:49,HIGH
140,295,11.0,0.9993,1,2026-05-15 14:28:49,HIGH
141,296,4.97,0.9995,1,2026-05-15 14:28:49,HIGH
142,298,0.76,0.9997,1,2026-05-15 14:28:49,HIGH
143,299,1.0,0.9986,1,2026-05-15 14:28:49,HIGH
144,300,1.0,0.7881,1,2026-05-15 14:28:49,MEDIUM
145,302,0.01,0.9997,1,2026-05-15 14:28:49,HIGH
146,303,0.0,0.7507,1,2026-05-15 14:28:49,MEDIUM
147,304,996.27,0.9854,1,2026-05-15 14:28:49,HIGH
148,307,0.92,0.908,1,2026-05-15 14:28:50,HIGH
149,315,357.95,0.9051,1,2026-05-15 14:28:50,HIGH
150,316,1504.93,0.9973,1,2026-05-15 14:28:50,HIGH
151,317,1.0,0.9996,1,2026-05-15 14:28:50,HIGH
152,320,294.9,0.9997,1,2026-05-15 14:28:50,HIGH
153,321,99.99,0.9997,1,2026-05-15 14:28:50,HIGH
154,322,1.0,0.9997,1,2026-05-15 14:28:50,HIGH
155,323,78.0,0.9997,1,2026-05-15 14:28:50,HIGH
156,327,0.01,0.9985,1,2026-05-15 14:28:51,HIGH
157,328,19.95,0.5415,1,2026-05-15 14:28:51,LOW
158,330,39.45,0.9996,1,2026-05-15 14:28:51,HIGH
159,332,1.0,0.9996,1,2026-05-15 14:28:51,HIGH
160,335,0.0,0.7334,1,2026-05-15 14:28:51,MEDIUM
161,336,1.0,0.9996,1,2026-05-15 14:28:51,HIGH
162,341,0.77,0.9996,1,2026-05-15 14:28:51,HIGH
163,344,37.32,0.9997,1,2026-05-15 14:28:51,HIGH
164,345,0.01,0.999,1,2026-05-15 14:28:51,HIGH
165,346,94.82,0.9996,1,2026-05-15 14:28:52,HIGH
166,349,18.96,0.9995,1,2026-05-15 14:28:52,HIGH
167,351,130.44,0.9997,1,2026-05-15 14:28:52,HIGH
168,352,252.92,0.9997,1,2026-05-15 14:28:52,HIGH
169,354,99.99,0.9997,1,2026-05-15 14:28:52,HIGH
170,355,18.0,0.9987,1,2026-05-15 14:28:52,HIGH
171,356,106.55,0.9997,1,2026-05-15 14:28:52,HIGH
172,357,316.06,0.9997,1,2026-05-15 14:28:52,HIGH
173,358,1.59,0.9995,1,2026-05-15 14:28:52,HIGH
174,359,33.59,0.9993,1,2026-05-15 14:28:52,HIGH
175,360,648.0,0.9996,1,2026-05-15 14:28:52,HIGH
176,361,0.0,0.9995,1,2026-05-15 14:28:52,HIGH
177,363,172.32,0.9997,1,2026-05-15 14:28:52,HIGH
178,364,51.37,0.9995,1,2026-05-15 14:28:52,HIGH
179,365,99.99,0.9997,1,2026-05-15 14:28:52,HIGH
180,366,1.0,0.9995,1,2026-05-15 14:28:53,HIGH
181,368,1.75,0.9995,1,2026-05-15 14:28:53,HIGH
182,369,925.31,0.9961,1,2026-05-15 14:28:53,HIGH
183,373,1.0,0.9995,1,2026-05-15 14:28:53,HIGH
184,374,8.0,0.9995,1,2026-05-15 14:28:53,HIGH
185,375,1.0,0.9995,1,2026-05-15 14:28:53,HIGH
186,377,127.14,0.9997,1,2026-05-15 14:28:53,HIGH
187,378,23.36,0.9895,1,2026-05-15 14:28:53,HIGH
188,381,426.4,0.9993,1,2026-05-15 14:28:53,HIGH
189,382,204.27,0.9989,1,2026-05-15 14:28:53,HIGH
190,384,3.79,0.9789,1,2026-05-15 14:28:53,HIGH
191,385,101.5,0.9984,1,2026-05-15 14:28:53,HIGH
192,388,364.19,0.9896,1,2026-05-15 14:28:53,HIGH
193,391,7.52,0.9997,1,2026-05-15 14:28:54,HIGH
194,392,3.93,0.7559,1,2026-05-15 14:28:54,MEDIUM
195,394,0.76,0.9992,1,2026-05-15 14:28:54,HIGH
196,396,3.12,0.9435,1,2026-05-15 14:28:54,HIGH
197,397,0.76,0.929,1,2026-05-15 14:28:54,HIGH
198,398,1.0,0.9996,1,2026-05-15 14:28:54,HIGH
199,401,1809.68,0.5584,1,2026-05-15 14:28:54,LOW
200,402,7.59,0.6952,1,2026-05-15 14:28:54,LOW
201,408,22.04,0.9974,1,2026-05-15 14:28:54,HIGH
202,409,1.0,0.9996,1,2026-05-15 14:28:54,HIGH
203,414,1.0,0.9997,1,2026-05-15 14:28:55,HIGH
204,421,1.0,0.9996,1,2026-05-15 14:28:55,HIGH
205,423,39.9,0.9866,1,2026-05-15 14:28:55,HIGH
206,425,2.0,0.9958,1,2026-05-15 14:28:55,HIGH
207,426,25.0,0.9976,1,2026-05-15 14:28:55,HIGH
208,427,0.68,0.999,1,2026-05-15 14:28:55,HIGH
209,428,99.99,0.9997,1,2026-05-15 14:28:55,HIGH
210,430,0.0,0.9997,1,2026-05-15 14:28:55,HIGH
211,431,6.99,0.9486,1,2026-05-15 14:28:55,HIGH
212,432,144.62,0.9994,1,2026-05-15 14:28:56,HIGH
213,433,80.22,0.9994,1,2026-05-15 14:28:56,HIGH
214,434,6.74,0.9997,1,2026-05-15 14:28:56,HIGH
215,435,1.0,0.9997,1,2026-05-15 14:28:56,HIGH
216,436,1.0,0.9994,1,2026-05-15 14:28:56,HIGH
217,437,311.91,0.9199,1,2026-05-15 14:28:56,HIGH
218,438,67.9,0.9995,1,2026-05-15 14:28:56,HIGH
219,441,549.06,0.7448,1,2026-05-15 14:28:56,MEDIUM
220,448,261.87,0.6249,1,2026-05-15 14:28:56,LOW
221,453,39.45,0.9995,1,2026-05-15 14:28:57,HIGH
222,454,360.0,0.9976,1,2026-05-15 14:28:57,HIGH
223,455,99.9,0.9997,1,2026-05-15 14:28:57,HIGH
224,459,80.9,0.998,1,2026-05-15 14:28:57,HIGH
225,460,1.0,0.9997,1,2026-05-15 14:28:57,HIGH
226,461,99.99,0.9997,1,2026-05-15 14:28:57,HIGH
227,462,88.23,0.9997,1,2026-05-15 14:28:57,HIGH
228,465,345.0,0.9689,1,2026-05-15 14:28:57,HIGH
229,466,1.0,0.9296,1,2026-05-15 14:28:57,HIGH
230,467,5.3,0.9997,1,2026-05-15 14:28:57,HIGH
231,468,1.18,0.9996,1,2026-05-15 14:28:57,HIGH
232,470,0.77,0.9996,1,2026-05-15 14:28:57,HIGH
233,471,144.8,0.9996,1,2026-05-15 14:28:57,HIGH
234,472,19.02,0.9997,1,2026-05-15 14:28:57,HIGH
235,474,1.52,0.5603,1,2026-05-15 14:28:58,LOW
236,475,147.87,0.9993,1,2026-05-15 14:28:58,HIGH
237,482,60.6,0.9994,1,2026-05-15 14:28:58,HIGH
238,483,1.0,0.9989,1,2026-05-15 14:28:58,HIGH
239,484,22.47,0.8834,1,2026-05-15 14:28:58,MEDIUM
240,486,766.36,0.9997,1,2026-05-15 14:28:58,HIGH
241,487,1.0,0.9997,1,2026-05-15 14:28:58,HIGH
242,488,9.82,0.9987,1,2026-05-15 14:28:58,HIGH
243,489,99.99,0.9997,1,2026-05-15 14:28:58,HIGH
244,494,111.7,0.9997,1,2026-05-15 14:28:59,HIGH
245,495,0.0,0.9879,1,2026-05-15 14:28:59,HIGH
246,496,1.0,0.9996,1,2026-05-15 14:28:59,HIGH
247,497,1.0,0.9997,1,2026-05-15 14:28:59,HIGH
248,498,0.0,0.9997,1,2026-05-15 14:28:59,HIGH
249,503,727.91,0.9994,1,2026-05-15 14:28:59,HIGH
250,508,1.0,0.9857,1,2026-05-15 14:28:59,HIGH
251,511,1.0,0.9921,1,2026-05-15 14:28:59,HIGH
252,513,2.28,0.9996,1,2026-05-15 14:28:59,HIGH
253,514,1.0,0.9996,1,2026-05-15 14:28:59,HIGH
254,515,1.63,0.9997,1,2026-05-15 14:28:59,HIGH
255,517,489.71,0.9993,1,2026-05-15 14:29:00,HIGH
256,518,0.83,0.9997,1,2026-05-15 14:29:00,HIGH
257,520,1.0,0.9996,1,2026-05-15 14:29:00,HIGH
258,521,17.06,0.9994,1,2026-05-15 14:29:00,HIGH
259,524,104.0,0.9997,1,2026-05-15 14:29:00,HIGH
260,525,1.0,0.9713,1,2026-05-15 14:29:00,HIGH
261,528,454.82,0.9993,1,2026-05-15 14:29:00,HIGH
262,530,0.76,0.9009,1,2026-05-15 14:29:00,HIGH
263,532,99.99,0.9997,1,2026-05-15 14:29:00,HIGH
264,534,9.21,0.962,1,2026-05-15 14:29:00,HIGH
265,536,17.39,0.9588,1,2026-05-15 14:29:00,HIGH
266,537,1.0,0.9991,1,2026-05-15 14:29:00,HIGH
267,538,730.86,0.9965,1,2026-05-15 14:29:00,HIGH
268,540,1.0,0.9997,1,2026-05-15 14:29:01,HIGH
269,541,0.01,0.9997,1,2026-05-15 14:29:01,HIGH
270,542,2.0,0.9993,1,2026-05-15 14:29:01,HIGH
271,543,824.83,0.9945,1,2026-05-15 14:29:01,HIGH
272,544,390.0,0.9993,1,2026-05-15 14:29:01,HIGH
273,545,1.52,0.9997,1,2026-05-15 14:29:01,HIGH
274,550,59.68,0.9997,1,2026-05-15 14:29:01,HIGH
275,551,11.38,0.9997,1,2026-05-15 14:29:01,HIGH
276,552,156.0,0.9991,1,2026-05-15 14:29:01,HIGH
277,554,99.99,0.9893,1,2026-05-15 14:29:01,HIGH
278,557,93.35,0.9962,1,2026-05-15 14:29:01,HIGH
279,558,512.25,0.9997,1,2026-05-15 14:29:01,HIGH
280,559,188.78,0.9996,1,2026-05-15 14:29:02,HIGH
281,560,2.27,0.9987,1,2026-05-15 14:29:02,HIGH
282,561,270.0,0.9995,1,2026-05-15 14:29:02,HIGH
283,565,1.0,0.998,1,2026-05-15 14:29:02,HIGH
284,566,1.0,0.9997,1,2026-05-15 14:29:02,HIGH
285,568,188.52,0.9997,1,2026-05-15 14:29:02,HIGH
286,569,2.28,0.9997,1,2026-05-15 14:29:02,HIGH
287,572,173.07,0.9995,1,2026-05-15 14:29:02,HIGH
288,574,1.0,0.9996,1,2026-05-15 14:29:02,HIGH
289,575,0.76,0.9997,1,2026-05-15 14:29:02,HIGH
290,577,1.0,0.999,1,2026-05-15 14:29:02,HIGH
291,578,296.0,0.9968,1,2026-05-15 14:29:02,HIGH
292,579,0.69,0.8775,1,2026-05-15 14:29:03,MEDIUM
293,581,1.0,0.9996,1,2026-05-15 14:29:03,HIGH
294,582,1.0,0.9997,1,2026-05-15 14:29:03,HIGH
295,586,320.01,0.9996,1,2026-05-15 14:29:03,HIGH
296,590,112.45,0.9961,1,2026-05-15 14:29:03,HIGH
297,596,1.0,0.9995,1,2026-05-15 14:29:03,HIGH
298,597,52.69,0.9996,1,2026-05-15 14:29:03,HIGH
299,601,1.0,0.9996,1,2026-05-15 14:29:04,HIGH
300,602,0.76,0.9997,1,2026-05-15 14:29:04,HIGH
301,603,571.48,0.929,1,2026-05-15 14:29:04,HIGH
302,604,129.0,0.6653,1,2026-05-15 14:29:04,LOW
303,607,1.0,0.9997,1,2026-05-15 14:29:04,HIGH
304,608,83.38,0.9997,1,2026-05-15 14:29:04,HIGH
305,611,0.83,0.9997,1,2026-05-15 14:29:04,HIGH
306,612,209.65,0.9997,1,2026-05-15 14:29:04,HIGH
307,620,1.0,0.9996,1,2026-05-15 14:29:04,HIGH
308,622,7.58,0.8293,1,2026-05-15 14:29:04,MEDIUM
309,624,0.76,0.9994,1,2026-05-15 14:29:05,HIGH
310,625,1.0,0.9994,1,2026-05-15 14:29:05,HIGH
311,627,1.0,0.9996,1,2026-05-15 14:29:05,HIGH
312,632,39.98,0.9952,1,2026-05-15 14:29:05,HIGH
313,633,1.18,0.9996,1,2026-05-15 14:29:05,HIGH
314,636,1.0,0.9996,1,2026-05-15 14:29:05,HIGH
315,637,1.0,0.9981,1,2026-05-15 14:29:05,HIGH
316,639,1.0,0.9556,1,2026-05-15 14:29:05,HIGH
317,641,40.0,0.8293,1,2026-05-15 14:29:05,MEDIUM
318,642,1.0,0.9996,1,2026-05-15 14:29:06,HIGH
319,643,1.0,0.9997,1,2026-05-15 14:29:06,HIGH
320,645,4.87,0.9993,1,2026-05-15 14:29:06,HIGH
321,646,0.77,0.9983,1,2026-05-15 14:29:06,HIGH
322,651,5.09,0.8887,1,2026-05-15 14:29:06,MEDIUM
323,659,19.73,0.9991,1,2026-05-15 14:29:06,HIGH
324,661,1.0,0.9996,1,2026-05-15 14:29:06,HIGH
325,665,3.79,0.9997,1,2026-05-15 14:29:07,HIGH
326,666,1.0,0.9996,1,2026-05-15 14:29:07,HIGH
327,668,776.83,0.9215,1,2026-05-15 14:29:07,HIGH
328,669,8.0,0.8973,1,2026-05-15 14:29:07,MEDIUM
329,670,0.77,0.9986,1,2026-05-15 14:29:07,HIGH
330,675,30.26,0.9997,1,2026-05-15 14:29:07,HIGH
331,676,1.0,0.9996,1,2026-05-15 14:29:07,HIGH
332,677,105.99,0.811,1,2026-05-15 14:29:07,MEDIUM
333,678,195.66,0.9987,1,2026-05-15 14:29:07,HIGH
334,680,180.0,0.999,1,2026-05-15 14:29:07,HIGH
335,684,1.0,0.9986,1,2026-05-15 14:29:07,HIGH
336,686,1.0,0.9997,1,2026-05-15 14:29:07,HIGH
337,687,0.76,0.9832,1,2026-05-15 14:29:08,HIGH
338,689,1.0,0.9855,1,2026-05-15 14:29:08,HIGH
339,690,78.0,0.9997,1,2026-05-15 14:29:08,HIGH
340,696,7.57,0.9936,1,2026-05-15 14:29:08,HIGH
341,698,44.9,0.9997,1,2026-05-15 14:29:08,HIGH
342,699,1.0,0.9996,1,2026-05-15 14:29:08,HIGH
343,700,1.0,0.9993,1,2026-05-15 14:29:08,HIGH
344,706,0.76,0.9095,1,2026-05-15 14:29:09,HIGH
345,707,24.9,0.7786,1,2026-05-15 14:29:09,MEDIUM
346,708,88.0,0.9992,1,2026-05-15 14:29:09,HIGH
347,713,119.74,0.9997,1,2026-05-15 14:29:09,HIGH
348,714,94.82,0.9997,1,2026-05-15 14:29:09,HIGH
349,715,18.96,0.9977,1,2026-05-15 14:29:09,HIGH
350,716,1.0,0.9997,1,2026-05-15 14:29:09,HIGH
351,717,45.49,0.9997,1,2026-05-15 14:29:09,HIGH
352,720,1.0,0.9996,1,2026-05-15 14:29:09,HIGH
353,722,45.64,0.9995,1,2026-05-15 14:29:09,HIGH
354,724,310.42,0.9997,1,2026-05-15 14:29:09,HIGH
355,725,1.0,0.9993,1,2026-05-15 14:29:09,HIGH
356,726,723.21,0.9996,1,2026-05-15 14:29:09,HIGH
357,727,118.3,0.9997,1,2026-05-15 14:29:10,HIGH
358,728,170.92,0.9997,1,2026-05-15 14:29:10,HIGH
359,729,5.91,0.9918,1,2026-05-15 14:29:10,HIGH
360,730,9.29,0.9866,1,2026-05-15 14:29:10,HIGH
361,731,124.53,0.9996,1,2026-05-15 14:29:10,HIGH
362,732,667.55,0.9997,1,2026-05-15 14:29:10,HIGH
363,738,34.12,0.9997,1,2026-05-15 14:29:10,HIGH
364,740,592.9,0.9996,1,2026-05-15 14:29:10,HIGH
365,754,130.21,0.9996,1,2026-05-15 14:29:11,HIGH
366,757,512.25,0.9997,1,2026-05-15 14:29:11,HIGH
367,759,57.73,0.9997,1,2026-05-15 14:29:11,HIGH
368,761,340.11,0.9997,1,2026-05-15 14:29:11,HIGH
369,763,1.0,0.8428,1,2026-05-15 14:29:11,MEDIUM
370,767,7.18,0.7238,1,2026-05-15 14:29:11,MEDIUM
371,770,227.3,0.9994,1,2026-05-15 14:29:12,HIGH
372,773,1.0,0.9996,1,2026-05-15 14:29:12,HIGH
373,775,0.0,0.7123,1,2026-05-15 14:29:12,MEDIUM
374,778,105.89,0.9964,1,2026-05-15 14:29:12,HIGH
375,779,1.0,0.7257,1,2026-05-15 14:29:12,MEDIUM
376,783,829.41,0.9041,1,2026-05-15 14:29:12,HIGH
377,784,0.0,0.9989,1,2026-05-15 14:29:12,HIGH
378,785,1335.0,0.997,1,2026-05-15 14:29:12,HIGH
379,786,320.0,0.7824,1,2026-05-15 14:29:12,MEDIUM
380,789,4.9,0.9833,1,2026-05-15 14:29:12,HIGH
381,790,0.0,0.9997,1,2026-05-15 14:29:12,HIGH
382,805,104.81,0.8674,1,2026-05-15 14:29:13,MEDIUM
383,806,76.94,0.9994,1,2026-05-15 14:29:13,HIGH
384,808,0.76,0.999,1,2026-05-15 14:29:13,HIGH
385,810,1.0,0.9996,1,2026-05-15 14:29:13,HIGH
386,812,0.76,0.9227,1,2026-05-15 14:29:13,HIGH
387,819,7.61,0.9997,1,2026-05-15 14:29:14,HIGH
388,821,45.03,0.738,1,2026-05-15 14:29:14,MEDIUM
389,825,3.9,0.9997,1,2026-05-15 14:29:14,HIGH
390,828,6.62,0.9984,1,2026-05-15 14:29:14,HIGH
391,829,84.28,0.9994,1,2026-05-15 14:29:14,HIGH
392,831,8.3,0.9996,1,2026-05-15 14:29:14,HIGH
393,835,1.0,0.9844,1,2026-05-15 14:29:15,HIGH
394,844,4.56,0.9997,1,2026-05-15 14:29:15,HIGH
395,848,324.59,0.9833,1,2026-05-15 14:29:15,HIGH
396,850,1.0,0.9996,1,2026-05-15 14:29:15,HIGH
397,854,6.27,0.9996,1,2026-05-15 14:29:16,HIGH
398,855,53.95,0.9997,1,2026-05-15 14:29:16,HIGH
399,856,1.0,0.9996,1,2026-05-15 14:29:16,HIGH
400,858,1.0,0.9996,1,2026-05-15 14:29:16,HIGH
401,859,77.89,0.9974,1,2026-05-15 14:29:16,HIGH
402,861,1.0,0.9996,1,2026-05-15 14:29:16,HIGH
403,862,1.0,0.5471,1,2026-05-15 14:29:16,LOW
404,863,2.22,0.9847,1,2026-05-15 14:29:16,HIGH
405,865,108.51,0.8162,1,2026-05-15 14:29:16,MEDIUM
406,868,139.9,0.9997,1,2026-05-15 14:29:16,HIGH
407,869,99.99,0.9997,1,2026-05-15 14:29:16,HIGH
408,870,45.51,0.9952,1,2026-05-15 14:29:16,HIGH
409,872,9.99,0.9796,1,2026-05-15 14:29:17,HIGH
410,877,99.99,0.9997,1,2026-05-15 14:29:17,HIGH
411,879,1.0,0.9983,1,2026-05-15 14:29:17,HIGH
412,880,0.76,0.6994,1,2026-05-15 14:29:17,LOW
413,881,3.79,0.5903,1,2026-05-15 14:29:17,LOW
414,883,362.55,0.998,1,2026-05-15 14:29:17,HIGH
415,884,5.0,0.9997,1,2026-05-15 14:29:17,HIGH
416,886,720.38,0.9995,1,2026-05-15 14:29:17,HIGH
417,888,1.0,0.9996,1,2026-05-15 14:29:17,HIGH
418,890,0.0,0.9971,1,2026-05-15 14:29:17,HIGH
419,894,8.54,0.9997,1,2026-05-15 14:29:18,HIGH
420,896,1.0,0.9855,1,2026-05-15 14:29:18,HIGH
421,898,3.14,0.9742,1,2026-05-15 14:29:18,HIGH
422,899,35.0,0.9895,1,2026-05-15 14:29:18,HIGH
423,903,12.31,0.9997,1,2026-05-15 14:29:18,HIGH
424,904,319.2,0.9977,1,2026-05-15 14:29:18,HIGH
425,905,1.0,0.7592,1,2026-05-15 14:29:18,MEDIUM
426,908,0.77,0.9856,1,2026-05-15 14:29:18,HIGH
427,910,1.0,0.8161,1,2026-05-15 14:29:18,MEDIUM
428,913,1.0,0.9834,1,2026-05-15 14:29:19,HIGH
429,915,0.0,0.9986,1,2026-05-15 14:29:19,HIGH
430,920,99.99,0.9997,1,2026-05-15 14:29:19,HIGH
431,921,19.04,0.9786,1,2026-05-15 14:29:19,HIGH
432,922,1.0,0.9997,1,2026-05-15 14:29:19,HIGH
433,925,0.76,0.9958,1,2026-05-15 14:29:19,HIGH
434,926,1096.99,0.8006,1,2026-05-15 14:29:19,MEDIUM
435,927,0.0,0.9808,1,2026-05-15 14:29:19,HIGH
436,928,125.3,0.9994,1,2026-05-15 14:29:19,HIGH
437,929,0.0,0.9997,1,2026-05-15 14:29:19,HIGH
438,932,7.59,0.9997,1,2026-05-15 14:29:19,HIGH
439,934,16.48,0.9931,1,2026-05-15 14:29:20,HIGH
440,935,1.0,0.9996,1,2026-05-15 14:29:20,HIGH
441,936,45.48,0.9997,1,2026-05-15 14:29:20,HIGH
442,938,1.0,0.979,1,2026-05-15 14:29:20,HIGH
443,939,0.0,0.9997,1,2026-05-15 14:29:20,HIGH
444,940,99.99,0.9997,1,2026-05-15 14:29:20,HIGH
445,945,634.3,0.8345,1,2026-05-15 14:29:20,MEDIUM
446,949,311.28,0.9954,1,2026-05-15 14:29:20,HIGH
447,954,444.17,0.9996,1,2026-05-15 14:29:20,HIGH
448,957,0.77,0.9996,1,2026-05-15 14:29:21,HIGH
449,960,99.99,0.9997,1,2026-05-15 14:29:21,HIGH
450,961,4.69,0.9997,1,2026-05-15 14:29:21,HIGH
451,965,1.0,0.982,1,2026-05-15 14:29:21,HIGH
452,966,1.1,0.9992,1,2026-05-15 14:29:21,HIGH
453,967,97.0,0.9996,1,2026-05-15 14:29:21,HIGH
454,968,0.77,0.9996,1,2026-05-15 14:29:21,HIGH
455,969,208.58,0.8412,1,2026-05-15 14:29:21,MEDIUM
456,970,1.0,0.9997,1,2026-05-15 14:29:21,HIGH
457,972,1.0,0.9995,1,2026-05-15 14:29:21,HIGH
458,973,0.0,0.9989,1,2026-05-15 14:29:21,HIGH
459,975,8.9,0.9987,1,2026-05-15 14:29:21,HIGH
460,976,42.53,0.8013,1,2026-05-15 14:29:22,MEDIUM
461,977,1.0,0.9997,1,2026-05-15 14:29:22,HIGH
462,979,104.03,0.9997,1,2026-05-15 14:29:22,HIGH
463,981,273.01,0.9997,1,2026-05-15 14:29:22,HIGH
464,984,14.46,0.9997,1,2026-05-15 14:29:22,HIGH
465,985,720.8,0.9059,1,2026-05-15 14:29:22,HIGH
466,986,717.15,0.9974,1,2026-05-15 14:29:22,HIGH
467,987,0.77,0.9996,1,2026-05-15 14:29:22,HIGH
468,988,2.28,0.9996,1,2026-05-15 14:29:22,HIGH
469,989,0.0,0.9604,1,2026-05-15 14:29:22,HIGH
470,990,187.11,0.7864,1,2026-05-15 14:29:22,MEDIUM
471,991,0.0,0.9997,1,2026-05-15 14:29:22,HIGH
472,993,1.0,0.9997,1,2026-05-15 14:29:22,HIGH
473,995,99.99,0.9997,1,2026-05-15 14:29:22,HIGH
474,996,1.0,0.9979,1,2026-05-15 14:29:22,HIGH
475,997,354.33,0.6951,1,2026-05-15 14:29:23,LOW
476,999,50.0,0.9841,1,2026-05-15 14:29:23,HIGH
477,1000,12.31,0.9918,1,2026-05-15 14:29:23,HIGH
478,5,1.0,0.9995,1,2026-05-15 14:29:58,HIGH
479,10,802.52,0.8944,1,2026-05-15 14:29:58,MEDIUM
480,12,99.99,0.9997,1,2026-05-15 14:29:58,HIGH
481,17,323.77,0.9442,1,2026-05-15 14:29:58,HIGH
482,20,1.0,0.9996,1,2026-05-15 14:29:58,HIGH
483,22,0.0,0.9977,1,2026-05-15 14:29:58,HIGH
484,23,175.9,0.9996,1,2026-05-15 14:29:58,HIGH
485,25,1402.16,0.9987,1,2026-05-15 14:29:59,HIGH
486,26,318.11,0.9989,1,2026-05-15 14:29:59,HIGH
487,27,111.7,0.9997,1,2026-05-15 14:29:59,HIGH
488,31,0.0,0.9997,1,2026-05-15 14:29:59,HIGH
489,32,1.0,0.9997,1,2026-05-15 14:29:59,HIGH
490,35,1.0,0.9951,1,2026-05-15 14:29:59,HIGH
491,36,1389.56,0.9992,1,2026-05-15 14:29:59,HIGH
492,40,99.99,0.9997,1,2026-05-15 14:29:59,HIGH
493,41,8.64,0.9997,1,2026-05-15 14:29:59,HIGH
494,42,1.0,0.9997,1,2026-05-15 14:29:59,HIGH
495,43,37.93,0.9997,1,2026-05-15 14:29:59,HIGH
496,45,316.06,0.9997,1,2026-05-15 14:30:00,HIGH
497,46,240.77,0.9997,1,2026-05-15 14:30:00,HIGH
498,49,10.7,0.9994,1,2026-05-15 14:30:00,HIGH
499,53,0.2,0.8203,1,2026-05-15 14:30:00,MEDIUM
500,55,1.0,0.9996,1,2026-05-15 14:30:00,HIGH
501,56,0.0,0.9996,1,2026-05-15 14:30:00,HIGH
502,58,1.0,0.9996,1,2026-05-15 14:30:00,HIGH
503,59,7.53,0.9996,1,2026-05-15 14:30:00,HIGH
504,61,0.01,0.9997,1,2026-05-15 14:30:00,HIGH
505,62,1.0,0.9996,1,2026-05-15 14:30:00,HIGH
506,64,1.1,0.9995,1,2026-05-15 14:30:00,HIGH
507,69,99.99,0.9997,1,2026-05-15 14:30:01,HIGH
508,71,1.0,0.948,1,2026-05-15 14:30:01,HIGH
509,75,600.73,0.9977,1,2026-05-15 14:30:01,HIGH
510,76,1.0,0.9923,1,2026-05-15 14:30:01,HIGH
511,78,3.79,0.8699,1,2026-05-15 14:30:01,MEDIUM
512,80,30.31,0.9997,1,2026-05-15 14:30:01,HIGH
513,82,99.99,0.9997,1,2026-05-15 14:30:01,HIGH
514,83,252.92,0.9997,1,2026-05-15 14:30:01,HIGH
515,84,99.99,0.9997,1,2026-05-15 14:30:01,HIGH
516,85,1.0,0.9996,1,2026-05-15 14:30:01,HIGH
517,90,1.0,0.7718,1,2026-05-15 14:30:02,MEDIUM
518,91,480.72,0.8929,1,2026-05-15 14:30:02,MEDIUM
519,92,0.0,0.9989,1,2026-05-15 14:30:02,HIGH
520,94,1354.25,0.9989,1,2026-05-15 14:30:02,HIGH
521,96,237.26,0.9914,1,2026-05-15 14:30:02,HIGH
522,98,19.02,0.9969,1,2026-05-15 14:30:02,HIGH
523,99,99.99,0.9997,1,2026-05-15 14:30:02,HIGH
524,102,186.13,0.9994,1,2026-05-15 14:30:02,HIGH
525,104,1.0,0.9834,1,2026-05-15 14:30:02,HIGH
526,109,99.99,0.9997,1,2026-05-15 14:30:03,HIGH
527,115,0.0,0.9996,1,2026-05-15 14:30:03,HIGH
528,116,1.1,0.9889,1,2026-05-15 14:30:03,HIGH
529,117,153.46,0.9997,1,2026-05-15 14:30:03,HIGH
530,120,75.86,0.9996,1,2026-05-15 14:30:03,HIGH
531,122,1.59,0.9995,1,2026-05-15 14:30:03,HIGH
532,124,60.0,0.9737,1,2026-05-15 14:30:03,HIGH
533,125,0.76,0.7807,1,2026-05-15 14:30:03,MEDIUM
534,128,1.0,0.9997,1,2026-05-15 14:30:03,HIGH
535,133,0.0,0.9997,1,2026-05-15 14:30:04,HIGH
536,136,1.0,0.9996,1,2026-05-15 14:30:04,HIGH
537,137,459.07,0.9994,1,2026-05-15 14:30:04,HIGH
538,138,0.0,0.9721,1,2026-05-15 14:30:04,HIGH
539,139,1.0,0.9996,1,2026-05-15 14:30:04,HIGH
540,140,99.99,0.9997,1,2026-05-15 14:30:04,HIGH
541,141,1218.89,0.9896,1,2026-05-15 14:30:04,HIGH
542,142,99.85,0.9997,1,2026-05-15 14:30:04,HIGH
543,144,451.27,0.8537,1,2026-05-15 14:30:04,MEDIUM
544,148,30.14,0.7477,1,2026-05-15 14:30:04,MEDIUM
545,150,33.76,0.6103,1,2026-05-15 14:30:04,LOW
546,152,0.76,0.9996,1,2026-05-15 14:30:04,HIGH
547,154,122.68,0.9996,1,2026-05-15 14:30:05,HIGH
548,156,7.06,0.9713,1,2026-05-15 14:30:05,HIGH
549,157,104.03,0.9997,1,2026-05-15 14:30:05,HIGH
550,159,3.76,0.9711,1,2026-05-15 14:30:05,HIGH
551,167,44.9,0.9997,1,2026-05-15 14:30:05,HIGH
552,169,11.4,0.9996,1,2026-05-15 14:30:05,HIGH
553,170,1.0,0.9997,1,2026-05-15 14:30:05,HIGH
554,171,2125.87,0.8583,1,2026-05-15 14:30:05,MEDIUM
555,172,0.38,0.999,1,2026-05-15 14:30:05,HIGH
556,173,112.33,0.9997,1,2026-05-15 14:30:05,HIGH
557,175,349.08,0.9984,1,2026-05-15 14:30:06,HIGH
558,176,45.51,0.9997,1,2026-05-15 14:30:06,HIGH
559,177,1.0,0.926,1,2026-05-15 14:30:06,HIGH
560,178,106.9,0.9996,1,2026-05-15 14:30:06,HIGH
561,183,2.0,0.9995,1,2026-05-15 14:30:06,HIGH
562,186,99.99,0.9996,1,2026-05-15 14:30:06,HIGH
563,188,3.22,0.7293,1,2026-05-15 14:30:06,MEDIUM
564,194,18.98,0.9976,1,2026-05-15 14:30:07,HIGH
565,195,1.0,0.9991,1,2026-05-15 14:30:07,HIGH
566,196,2.0,0.9989,1,2026-05-15 14:30:07,HIGH
567,197,0.76,0.9943,1,2026-05-15 14:30:07,HIGH
568,198,1.0,0.9835,1,2026-05-15 14:30:07,HIGH
569,200,99.99,0.9997,1,2026-05-15 14:30:07,HIGH
570,201,1.0,0.998,1,2026-05-15 14:30:07,HIGH
571,207,99.99,0.9997,1,2026-05-15 14:30:07,HIGH
572,211,99.99,0.9997,1,2026-05-15 14:30:07,HIGH
573,212,1.0,0.9973,1,2026-05-15 14:30:07,HIGH
574,216,1.0,0.9996,1,2026-05-15 14:30:08,HIGH
575,218,219.8,0.9996,1,2026-05-15 14:30:08,HIGH
576,221,188.52,0.9997,1,2026-05-15 14:30:08,HIGH
577,224,1.0,0.9996,1,2026-05-15 14:30:08,HIGH
578,226,239.93,0.909,1,2026-05-15 14:30:08,HIGH
579,228,0.0,0.9996,1,2026-05-15 14:30:08,HIGH
580,231,346.94,0.9996,1,2026-05-15 14:30:08,HIGH
581,233,12.31,0.9248,1,2026-05-15 14:30:09,HIGH
582,235,1.0,0.9996,1,2026-05-15 14:30:09,HIGH
583,236,30.39,0.9997,1,2026-05-15 14:30:09,HIGH
584,239,1.0,0.954,1,2026-05-15 14:30:09,HIGH
585,240,1.0,0.9971,1,2026-05-15 14:30:09,HIGH
586,241,59.0,0.9393,1,2026-05-15 14:30:09,HIGH
587,242,101.5,0.9994,1,2026-05-15 14:30:09,HIGH
588,245,30.31,0.9997,1,2026-05-15 14:30:09,HIGH
589,246,0.76,0.9997,1,2026-05-15 14:30:09,HIGH
590,247,0.0,0.9989,1,2026-05-15 14:30:09,HIGH
591,248,99.99,0.9997,1,2026-05-15 14:30:09,HIGH
592,249,30.3,0.948,1,2026-05-15 14:30:09,HIGH
593,250,38.76,0.986,1,2026-05-15 14:30:09,HIGH
594,251,0.68,0.9939,1,2026-05-15 14:30:09,HIGH
595,255,120.54,0.9796,1,2026-05-15 14:30:10,HIGH
596,256,1.63,0.9996,1,2026-05-15 14:30:10,HIGH
597,260,1.0,0.9994,1,2026-05-15 14:30:10,HIGH
598,262,0.77,0.9996,1,2026-05-15 14:30:10,HIGH
599,263,9.13,0.9997,1,2026-05-15 14:30:10,HIGH
600,264,0.0,0.9997,1,2026-05-15 14:30:10,HIGH
601,265,65.0,0.9996,1,2026-05-15 14:30:10,HIGH
602,268,276.17,0.9075,1,2026-05-15 14:30:10,HIGH
603,270,723.21,0.933,1,2026-05-15 14:30:10,HIGH
604,271,245.0,0.9995,1,2026-05-15 14:30:10,HIGH
605,272,88.23,0.9997,1,2026-05-15 14:30:11,HIGH
606,274,254.76,0.9997,1,2026-05-15 14:30:11,HIGH
607,276,1.0,0.9996,1,2026-05-15 14:30:11,HIGH
608,277,113.92,0.9996,1,2026-05-15 14:30:11,HIGH
609,279,0.68,0.99,1,2026-05-15 14:30:11,HIGH
610,283,238.9,0.9995,1,2026-05-15 14:30:11,HIGH
611,284,261.22,0.8382,1,2026-05-15 14:30:11,MEDIUM
612,285,290.18,0.6486,1,2026-05-15 14:30:11,LOW
613,287,105.89,0.9867,1,2026-05-15 14:30:11,HIGH
614,288,247.86,0.9854,1,2026-05-15 14:30:11,HIGH
615,289,1.0,0.9996,1,2026-05-15 14:30:11,HIGH
616,294,0.77,0.9995,1,2026-05-15 14:30:12,HIGH
617,295,11.0,0.9993,1,2026-05-15 14:30:12,HIGH
618,296,4.97,0.9995,1,2026-05-15 14:30:12,HIGH
619,298,0.76,0.9997,1,2026-05-15 14:30:12,HIGH
620,299,1.0,0.9986,1,2026-05-15 14:30:12,HIGH
621,300,1.0,0.7881,1,2026-05-15 14:30:12,MEDIUM
622,302,0.01,0.9997,1,2026-05-15 14:30:12,HIGH
623,303,0.0,0.7507,1,2026-05-15 14:30:12,MEDIUM
624,304,996.27,0.9854,1,2026-05-15 14:30:12,HIGH
625,307,0.92,0.908,1,2026-05-15 14:30:12,HIGH
626,315,357.95,0.9051,1,2026-05-15 14:30:13,HIGH
627,316,1504.93,0.9973,1,2026-05-15 14:30:13,HIGH
628,317,1.0,0.9996,1,2026-05-15 14:30:13,HIGH
629,320,294.9,0.9997,1,2026-05-15 14:30:13,HIGH
630,321,99.99,0.9997,1,2026-05-15 14:30:13,HIGH
631,322,1.0,0.9997,1,2026-05-15 14:30:13,HIGH
632,323,78.0,0.9997,1,2026-05-15 14:30:13,HIGH
633,327,0.01,0.9985,1,2026-05-15 14:30:13,HIGH
634,328,19.95,0.5415,1,2026-05-15 14:30:13,LOW
635,330,39.45,0.9996,1,2026-05-15 14:30:13,HIGH
636,332,1.0,0.9996,1,2026-05-15 14:30:14,HIGH
637,335,0.0,0.7334,1,2026-05-15 14:30:14,MEDIUM
638,336,1.0,0.9996,1,2026-05-15 14:30:14,HIGH
639,341,0.77,0.9996,1,2026-05-15 14:30:14,HIGH
640,344,37.32,0.9997,1,2026-05-15 14:30:14,HIGH
641,345,0.01,0.999,1,2026-05-15 14:30:14,HIGH
642,346,94.82,0.9996,1,2026-05-15 14:30:14,HIGH
643,349,18.96,0.9995,1,2026-05-15 14:30:14,HIGH
644,351,130.44,0.9997,1,2026-05-15 14:30:14,HIGH
645,352,252.92,0.9997,1,2026-05-15 14:30:14,HIGH
646,354,99.99,0.9997,1,2026-05-15 14:30:15,HIGH
647,355,18.0,0.9987,1,2026-05-15 14:30:15,HIGH
648,356,106.55,0.9997,1,2026-05-15 14:30:15,HIGH
649,357,316.06,0.9997,1,2026-05-15 14:30:15,HIGH
650,358,1.59,0.9995,1,2026-05-15 14:30:15,HIGH
651,359,33.59,0.9993,1,2026-05-15 14:30:15,HIGH
652,360,648.0,0.9996,1,2026-05-15 14:30:15,HIGH
653,361,0.0,0.9995,1,2026-05-15 14:30:15,HIGH
654,363,172.32,0.9997,1,2026-05-15 14:30:15,HIGH
655,364,51.37,0.9995,1,2026-05-15 14:30:15,HIGH
656,365,99.99,0.9997,1,2026-05-15 14:30:15,HIGH
657,366,1.0,0.9995,1,2026-05-15 14:30:15,HIGH
658,368,1.75,0.9995,1,2026-05-15 14:30:15,HIGH
659,369,925.31,0.9961,1,2026-05-15 14:30:15,HIGH
660,373,1.0,0.9995,1,2026-05-15 14:30:15,HIGH
661,374,8.0,0.9995,1,2026-05-15 14:30:16,HIGH
662,375,1.0,0.9995,1,2026-05-15 14:30:16,HIGH
663,377,127.14,0.9997,1,2026-05-15 14:30:16,HIGH
664,378,23.36,0.9895,1,2026-05-15 14:30:16,HIGH
665,381,426.4,0.9993,1,2026-05-15 14:30:16,HIGH
666,382,204.27,0.9989,1,2026-05-15 14:30:16,HIGH
667,384,3.79,0.9789,1,2026-05-15 14:30:16,HIGH
668,385,101.5,0.9984,1,2026-05-15 14:30:16,HIGH
669,388,364.19,0.9896,1,2026-05-15 14:30:16,HIGH
670,391,7.52,0.9997,1,2026-05-15 14:30:16,HIGH
671,392,3.93,0.7559,1,2026-05-15 14:30:16,MEDIUM
672,394,0.76,0.9992,1,2026-05-15 14:30:17,HIGH
673,396,3.12,0.9435,1,2026-05-15 14:30:17,HIGH
674,397,0.76,0.929,1,2026-05-15 14:30:17,HIGH
675,398,1.0,0.9996,1,2026-05-15 14:30:17,HIGH
676,401,1809.68,0.5584,1,2026-05-15 14:30:17,LOW
677,402,7.59,0.6952,1,2026-05-15 14:30:17,LOW
678,408,22.04,0.9974,1,2026-05-15 14:30:17,HIGH
679,409,1.0,0.9996,1,2026-05-15 14:30:17,HIGH
680,414,1.0,0.9997,1,2026-05-15 14:30:18,HIGH
681,421,1.0,0.9996,1,2026-05-15 14:30:18,HIGH
682,423,39.9,0.9866,1,2026-05-15 14:30:18,HIGH
683,425,2.0,0.9958,1,2026-05-15 14:30:18,HIGH
684,426,25.0,0.9976,1,2026-05-15 14:30:18,HIGH
685,427,0.68,0.999,1,2026-05-15 14:30:18,HIGH
686,428,99.99,0.9997,1,2026-05-15 14:30:18,HIGH
687,430,0.0,0.9997,1,2026-05-15 14:30:18,HIGH
688,431,6.99,0.9486,1,2026-05-15 14:30:18,HIGH
689,432,144.62,0.9994,1,2026-05-15 14:30:18,HIGH
690,433,80.22,0.9994,1,2026-05-15 14:30:19,HIGH
691,434,6.74,0.9997,1,2026-05-15 14:30:19,HIGH
692,435,1.0,0.9997,1,2026-05-15 14:30:19,HIGH
693,436,1.0,0.9994,1,2026-05-15 14:30:19,HIGH
694,437,311.91,0.9199,1,2026-05-15 14:30:19,HIGH
695,438,67.9,0.9995,1,2026-05-15 14:30:19,HIGH
696,441,549.06,0.7448,1,2026-05-15 14:30:19,MEDIUM
697,448,261.87,0.6249,1,2026-05-15 14:30:19,LOW
698,453,39.45,0.9995,1,2026-05-15 14:30:20,HIGH
699,454,360.0,0.9976,1,2026-05-15 14:30:20,HIGH
700,455,99.9,0.9997,1,2026-05-15 14:30:20,HIGH
701,459,80.9,0.998,1,2026-05-15 14:30:20,HIGH
702,460,1.0,0.9997,1,2026-05-15 14:30:20,HIGH
703,461,99.99,0.9997,1,2026-05-15 14:30:20,HIGH
704,462,88.23,0.9997,1,2026-05-15 14:30:20,HIGH
705,465,345.0,0.9689,1,2026-05-15 14:30:20,HIGH
706,466,1.0,0.9296,1,2026-05-15 14:30:20,HIGH
707,467,5.3,0.9997,1,2026-05-15 14:30:20,HIGH
708,468,1.18,0.9996,1,2026-05-15 14:30:20,HIGH
709,470,0.77,0.9996,1,2026-05-15 14:30:20,HIGH
710,471,144.8,0.9996,1,2026-05-15 14:30:21,HIGH
711,472,19.02,0.9997,1,2026-05-15 14:30:21,HIGH
712,474,1.52,0.5603,1,2026-05-15 14:30:21,LOW
713,475,147.87,0.9993,1,2026-05-15 14:30:21,HIGH
714,482,60.6,0.9994,1,2026-05-15 14:30:21,HIGH
715,483,1.0,0.9989,1,2026-05-15 14:30:21,HIGH
716,484,22.47,0.8834,1,2026-05-15 14:30:21,MEDIUM
717,486,766.36,0.9997,1,2026-05-15 14:30:21,HIGH
718,487,1.0,0.9997,1,2026-05-15 14:30:21,HIGH
719,488,9.82,0.9987,1,2026-05-15 14:30:21,HIGH
720,489,99.99,0.9997,1,2026-05-15 14:30:21,HIGH
721,494,111.7,0.9997,1,2026-05-15 14:30:22,HIGH
722,495,0.0,0.9879,1,2026-05-15 14:30:22,HIGH
723,496,1.0,0.9996,1,2026-05-15 14:30:22,HIGH
724,497,1.0,0.9997,1,2026-05-15 14:30:22,HIGH
725,498,0.0,0.9997,1,2026-05-15 14:30:22,HIGH
726,503,727.91,0.9994,1,2026-05-15 14:30:22,HIGH
727,508,1.0,0.9857,1,2026-05-15 14:30:22,HIGH
728,511,1.0,0.9921,1,2026-05-15 14:30:23,HIGH
729,513,2.28,0.9996,1,2026-05-15 14:30:23,HIGH
730,514,1.0,0.9996,1,2026-05-15 14:30:23,HIGH
731,515,1.63,0.9997,1,2026-05-15 14:30:23,HIGH
732,517,489.71,0.9993,1,2026-05-15 14:30:23,HIGH
733,518,0.83,0.9997,1,2026-05-15 14:30:23,HIGH
734,520,1.0,0.9996,1,2026-05-15 14:30:23,HIGH
735,521,17.06,0.9994,1,2026-05-15 14:30:23,HIGH
736,524,104.0,0.9997,1,2026-05-15 14:30:23,HIGH
737,525,1.0,0.9713,1,2026-05-15 14:30:23,HIGH
738,528,454.82,0.9993,1,2026-05-15 14:30:23,HIGH
739,530,0.76,0.9009,1,2026-05-15 14:30:24,HIGH
740,532,99.99,0.9997,1,2026-05-15 14:30:24,HIGH
741,534,9.21,0.962,1,2026-05-15 14:30:24,HIGH
742,536,17.39,0.9588,1,2026-05-15 14:30:24,HIGH
743,537,1.0,0.9991,1,2026-05-15 14:30:24,HIGH
744,538,730.86,0.9965,1,2026-05-15 14:30:24,HIGH
745,540,1.0,0.9997,1,2026-05-15 14:30:24,HIGH
746,541,0.01,0.9997,1,2026-05-15 14:30:24,HIGH
747,542,2.0,0.9993,1,2026-05-15 14:30:24,HIGH
748,543,824.83,0.9945,1,2026-05-15 14:30:24,HIGH
749,544,390.0,0.9993,1,2026-05-15 14:30:24,HIGH
750,545,1.52,0.9997,1,2026-05-15 14:30:24,HIGH
751,550,59.68,0.9997,1,2026-05-15 14:30:24,HIGH
752,551,11.38,0.9997,1,2026-05-15 14:30:25,HIGH
753,552,156.0,0.9991,1,2026-05-15 14:30:25,HIGH
754,554,99.99,0.9893,1,2026-05-15 14:30:25,HIGH
755,557,93.35,0.9962,1,2026-05-15 14:30:25,HIGH
756,558,512.25,0.9997,1,2026-05-15 14:30:25,HIGH
757,559,188.78,0.9996,1,2026-05-15 14:30:25,HIGH
758,560,2.27,0.9987,1,2026-05-15 14:30:25,HIGH
759,561,270.0,0.9995,1,2026-05-15 14:30:25,HIGH
760,565,1.0,0.998,1,2026-05-15 14:30:25,HIGH
761,566,1.0,0.9997,1,2026-05-15 14:30:25,HIGH
762,568,188.52,0.9997,1,2026-05-15 14:30:25,HIGH
763,569,2.28,0.9997,1,2026-05-15 14:30:26,HIGH
764,572,173.07,0.9995,1,2026-05-15 14:30:26,HIGH
765,574,1.0,0.9996,1,2026-05-15 14:30:26,HIGH
766,575,0.76,0.9997,1,2026-05-15 14:30:26,HIGH
767,577,1.0,0.999,1,2026-05-15 14:30:26,HIGH
768,578,296.0,0.9968,1,2026-05-15 14:30:26,HIGH
769,579,0.69,0.8775,1,2026-05-15 14:30:26,MEDIUM
770,581,1.0,0.9996,1,2026-05-15 14:30:26,HIGH
771,582,1.0,0.9997,1,2026-05-15 14:30:26,HIGH
772,586,320.01,0.9996,1,2026-05-15 14:30:26,HIGH
773,590,112.45,0.9961,1,2026-05-15 14:30:27,HIGH
774,596,1.0,0.9995,1,2026-05-15 14:30:27,HIGH
775,597,52.69,0.9996,1,2026-05-15 14:30:27,HIGH
776,601,1.0,0.9996,1,2026-05-15 14:30:27,HIGH
777,602,0.76,0.9997,1,2026-05-15 14:30:27,HIGH
778,603,571.48,0.929,1,2026-05-15 14:30:27,HIGH
779,604,129.0,0.6653,1,2026-05-15 14:30:27,LOW
780,607,1.0,0.9997,1,2026-05-15 14:30:27,HIGH
781,608,83.38,0.9997,1,2026-05-15 14:30:28,HIGH
782,611,0.83,0.9997,1,2026-05-15 14:30:28,HIGH
783,612,209.65,0.9997,1,2026-05-15 14:30:28,HIGH
784,620,1.0,0.9996,1,2026-05-15 14:30:28,HIGH
785,622,7.58,0.8293,1,2026-05-15 14:30:28,MEDIUM
786,624,0.76,0.9994,1,2026-05-15 14:30:28,HIGH
787,625,1.0,0.9994,1,2026-05-15 14:30:28,HIGH
788,627,1.0,0.9996,1,2026-05-15 14:30:28,HIGH
789,632,39.98,0.9952,1,2026-05-15 14:30:29,HIGH
790,633,1.18,0.9996,1,2026-05-15 14:30:29,HIGH
791,636,1.0,0.9996,1,2026-05-15 14:30:29,HIGH
792,637,1.0,0.9981,1,2026-05-15 14:30:29,HIGH
793,639,1.0,0.9556,1,2026-05-15 14:30:29,HIGH
794,641,40.0,0.8293,1,2026-05-15 14:30:29,MEDIUM
795,642,1.0,0.9996,1,2026-05-15 14:30:29,HIGH
796,643,1.0,0.9997,1,2026-05-15 14:30:29,HIGH
797,645,4.87,0.9993,1,2026-05-15 14:30:29,HIGH
798,646,0.77,0.9983,1,2026-05-15 14:30:29,HIGH
799,651,5.09,0.8887,1,2026-05-15 14:30:30,MEDIUM
800,659,19.73,0.9991,1,2026-05-15 14:30:30,HIGH
801,661,1.0,0.9996,1,2026-05-15 14:30:30,HIGH
802,665,3.79,0.9997,1,2026-05-15 14:30:30,HIGH
803,666,1.0,0.9996,1,2026-05-15 14:30:30,HIGH
804,668,776.83,0.9215,1,2026-05-15 14:30:30,HIGH
805,669,8.0,0.8973,1,2026-05-15 14:30:31,MEDIUM
806,670,0.77,0.9986,1,2026-05-15 14:30:31,HIGH
807,675,30.26,0.9997,1,2026-05-15 14:30:31,HIGH
808,676,1.0,0.9996,1,2026-05-15 14:30:31,HIGH
809,677,105.99,0.811,1,2026-05-15 14:30:31,MEDIUM
810,678,195.66,0.9987,1,2026-05-15 14:30:31,HIGH
811,680,180.0,0.999,1,2026-05-15 14:30:31,HIGH
812,684,1.0,0.9986,1,2026-05-15 14:30:31,HIGH
813,686,1.0,0.9997,1,2026-05-15 14:30:31,HIGH
814,687,0.76,0.9832,1,2026-05-15 14:30:31,HIGH
815,689,1.0,0.9855,1,2026-05-15 14:30:31,HIGH
816,690,78.0,0.9997,1,2026-05-15 14:30:32,HIGH
817,696,7.57,0.9936,1,2026-05-15 14:30:32,HIGH
818,698,44.9,0.9997,1,2026-05-15 14:30:32,HIGH
819,699,1.0,0.9996,1,2026-05-15 14:30:32,HIGH
820,700,1.0,0.9993,1,2026-05-15 14:30:32,HIGH
821,706,0.76,0.9095,1,2026-05-15 14:30:32,HIGH
822,707,24.9,0.7786,1,2026-05-15 14:30:32,MEDIUM
823,708,88.0,0.9992,1,2026-05-15 14:30:32,HIGH
824,713,119.74,0.9997,1,2026-05-15 14:30:33,HIGH
825,714,94.82,0.9997,1,2026-05-15 14:30:33,HIGH
826,715,18.96,0.9977,1,2026-05-15 14:30:33,HIGH
827,716,1.0,0.9997,1,2026-05-15 14:30:33,HIGH
828,717,45.49,0.9997,1,2026-05-15 14:30:33,HIGH
829,720,1.0,0.9996,1,2026-05-15 14:30:33,HIGH
830,722,45.64,0.9995,1,2026-05-15 14:30:33,HIGH
831,724,310.42,0.9997,1,2026-05-15 14:30:33,HIGH
832,725,1.0,0.9993,1,2026-05-15 14:30:33,HIGH
833,726,723.21,0.9996,1,2026-05-15 14:30:33,HIGH
834,727,118.3,0.9997,1,2026-05-15 14:30:33,HIGH
835,728,170.92,0.9997,1,2026-05-15 14:30:33,HIGH
836,729,5.91,0.9918,1,2026-05-15 14:30:33,HIGH
837,730,9.29,0.9866,1,2026-05-15 14:30:33,HIGH
838,731,124.53,0.9996,1,2026-05-15 14:30:33,HIGH
839,732,667.55,0.9997,1,2026-05-15 14:30:34,HIGH
840,738,34.12,0.9997,1,2026-05-15 14:30:34,HIGH
841,740,592.9,0.9996,1,2026-05-15 14:30:34,HIGH
842,754,130.21,0.9996,1,2026-05-15 14:30:35,HIGH
843,757,512.25,0.9997,1,2026-05-15 14:30:35,HIGH
844,759,57.73,0.9997,1,2026-05-15 14:30:35,HIGH
845,761,340.11,0.9997,1,2026-05-15 14:30:35,HIGH
846,763,1.0,0.8428,1,2026-05-15 14:30:35,MEDIUM
847,767,7.18,0.7238,1,2026-05-15 14:30:35,MEDIUM
848,770,227.3,0.9994,1,2026-05-15 14:30:35,HIGH
849,773,1.0,0.9996,1,2026-05-15 14:30:35,HIGH
850,775,0.0,0.7123,1,2026-05-15 14:30:36,MEDIUM
851,778,105.89,0.9964,1,2026-05-15 14:30:36,HIGH
852,779,1.0,0.7257,1,2026-05-15 14:30:36,MEDIUM
853,783,829.41,0.9041,1,2026-05-15 14:30:36,HIGH
854,784,0.0,0.9989,1,2026-05-15 14:30:36,HIGH
855,785,1335.0,0.997,1,2026-05-15 14:30:36,HIGH
856,786,320.0,0.7824,1,2026-05-15 14:30:36,MEDIUM
857,789,4.9,0.9833,1,2026-05-15 14:30:36,HIGH
858,790,0.0,0.9997,1,2026-05-15 14:30:36,HIGH
859,805,104.81,0.8674,1,2026-05-15 14:30:37,MEDIUM
860,806,76.94,0.9994,1,2026-05-15 14:30:37,HIGH
861,808,0.76,0.999,1,2026-05-15 14:30:37,HIGH
862,810,1.0,0.9996,1,2026-05-15 14:30:37,HIGH
863,812,0.76,0.9227,1,2026-05-15 14:30:37,HIGH
864,819,7.61,0.9997,1,2026-05-15 14:30:38,HIGH
865,821,45.03,0.738,1,2026-05-15 14:30:38,MEDIUM
866,825,3.9,0.9997,1,2026-05-15 14:30:38,HIGH
867,828,6.62,0.9984,1,2026-05-15 14:30:38,HIGH
868,829,84.28,0.9994,1,2026-05-15 14:30:38,HIGH
869,831,8.3,0.9996,1,2026-05-15 14:30:38,HIGH
870,835,1.0,0.9844,1,2026-05-15 14:30:39,HIGH
871,844,4.56,0.9997,1,2026-05-15 14:30:39,HIGH
872,848,324.59,0.9833,1,2026-05-15 14:30:39,HIGH
873,850,1.0,0.9996,1,2026-05-15 14:30:39,HIGH
874,854,6.27,0.9996,1,2026-05-15 14:30:39,HIGH
875,855,53.95,0.9997,1,2026-05-15 14:30:40,HIGH
876,856,1.0,0.9996,1,2026-05-15 14:30:40,HIGH
877,858,1.0,0.9996,1,2026-05-15 14:30:40,HIGH
878,859,77.89,0.9974,1,2026-05-15 14:30:40,HIGH
879,861,1.0,0.9996,1,2026-05-15 14:30:40,HIGH
880,862,1.0,0.5471,1,2026-05-15 14:30:40,LOW
881,863,2.22,0.9847,1,2026-05-15 14:30:40,HIGH
882,865,108.51,0.8162,1,2026-05-15 14:30:40,MEDIUM
883,868,139.9,0.9997,1,2026-05-15 14:30:40,HIGH
884,869,99.99,0.9997,1,2026-05-15 14:30:40,HIGH
885,870,45.51,0.9952,1,2026-05-15 14:30:40,HIGH
886,872,9.99,0.9796,1,2026-05-15 14:30:40,HIGH
887,877,99.99,0.9997,1,2026-05-15 14:30:41,HIGH
888,879,1.0,0.9983,1,2026-05-15 14:30:41,HIGH
889,880,0.76,0.6994,1,2026-05-15 14:30:41,LOW
890,881,3.79,0.5903,1,2026-05-15 14:30:41,LOW
891,883,362.55,0.998,1,2026-05-15 14:30:41,HIGH
892,884,5.0,0.9997,1,2026-05-15 14:30:41,HIGH
893,886,720.38,0.9995,1,2026-05-15 14:30:41,HIGH
894,888,1.0,0.9996,1,2026-05-15 14:30:41,HIGH
895,890,0.0,0.9971,1,2026-05-15 14:30:41,HIGH
896,894,8.54,0.9997,1,2026-05-15 14:30:42,HIGH
897,896,1.0,0.9855,1,2026-05-15 14:30:42,HIGH
898,898,3.14,0.9742,1,2026-05-15 14:30:42,HIGH
899,899,35.0,0.9895,1,2026-05-15 14:30:42,HIGH
900,903,12.31,0.9997,1,2026-05-15 14:30:42,HIGH
901,904,319.2,0.9977,1,2026-05-15 14:30:42,HIGH
902,905,1.0,0.7592,1,2026-05-15 14:30:42,MEDIUM
903,908,0.77,0.9856,1,2026-05-15 14:30:42,HIGH
904,910,1.0,0.8161,1,2026-05-15 14:30:42,MEDIUM
905,913,1.0,0.9834,1,2026-05-15 14:30:42,HIGH
906,915,0.0,0.9986,1,2026-05-15 14:30:43,HIGH
907,920,99.99,0.9997,1,2026-05-15 14:30:43,HIGH
908,921,19.04,0.9786,1,2026-05-15 14:30:43,HIGH
909,922,1.0,0.9997,1,2026-05-15 14:30:43,HIGH
910,925,0.76,0.9958,1,2026-05-15 14:30:43,HIGH
911,926,1096.99,0.8006,1,2026-05-15 14:30:43,MEDIUM
912,927,0.0,0.9808,1,2026-05-15 14:30:43,HIGH
913,928,125.3,0.9994,1,2026-05-15 14:30:43,HIGH
914,929,0.0,0.9997,1,2026-05-15 14:30:43,HIGH
915,932,7.59,0.9997,1,2026-05-15 14:30:43,HIGH
916,934,16.48,0.9931,1,2026-05-15 14:30:43,HIGH
917,935,1.0,0.9996,1,2026-05-15 14:30:44,HIGH
918,936,45.48,0.9997,1,2026-05-15 14:30:44,HIGH
919,938,1.0,0.979,1,2026-05-15 14:30:44,HIGH
920,939,0.0,0.9997,1,2026-05-15 14:30:44,HIGH
921,940,99.99,0.9997,1,2026-05-15 14:30:44,HIGH
922,945,634.3,0.8345,1,2026-05-15 14:30:44,MEDIUM
923,949,311.28,0.9954,1,2026-05-15 14:30:44,HIGH
924,954,444.17,0.9996,1,2026-05-15 14:30:44,HIGH
925,957,0.77,0.9996,1,2026-05-15 14:30:45,HIGH
926,960,99.99,0.9997,1,2026-05-15 14:30:45,HIGH
927,961,4.69,0.9997,1,2026-05-15 14:30:45,HIGH
928,965,1.0,0.982,1,2026-05-15 14:30:45,HIGH
929,966,1.1,0.9992,1,2026-05-15 14:30:45,HIGH
930,967,97.0,0.9996,1,2026-05-15 14:30:45,HIGH
931,968,0.77,0.9996,1,2026-05-15 14:30:45,HIGH
932,969,208.58,0.8412,1,2026-05-15 14:30:45,MEDIUM
933,970,1.0,0.9997,1,2026-05-15 14:30:45,HIGH
934,972,1.0,0.9995,1,2026-05-15 14:30:45,HIGH
935,973,0.0,0.9989,1,2026-05-15 14:30:45,HIGH
936,975,8.9,0.9987,1,2026-05-15 14:30:46,HIGH
937,976,42.53,0.8013,1,2026-05-15 14:30:46,MEDIUM
938,977,1.0,0.9997,1,2026-05-15 14:30:46,HIGH
939,979,104.03,0.9997,1,2026-05-15 14:30:46,HIGH
940,981,273.01,0.9997,1,2026-05-15 14:30:46,HIGH
941,984,14.46,0.9997,1,2026-05-15 14:30:46,HIGH
942,985,720.8,0.9059,1,2026-05-15 14:30:46,HIGH
943,986,717.15,0.9974,1,2026-05-15 14:30:46,HIGH
944,987,0.77,0.9996,1,2026-05-15 14:30:46,HIGH
945,988,2.28,0.9996,1,2026-05-15 14:30:46,HIGH
946,989,0.0,0.9604,1,2026-05-15 14:30:46,HIGH
947,990,187.11,0.7864,1,2026-05-15 14:30:46,MEDIUM
948,991,0.0,0.9997,1,2026-05-15 14:30:46,HIGH
949,993,1.0,0.9997,1,2026-05-15 14:30:47,HIGH
950,995,99.99,0.9997,1,2026-05-15 14:30:47,HIGH
951,996,1.0,0.9979,1,2026-05-15 14:30:47,HIGH
952,997,354.33,0.6951,1,2026-05-15 14:30:47,LOW
953,999,50.0,0.9841,1,2026-05-15 14:30:47,HIGH
954,1000,12.31,0.9918,1,2026-05-15 14:30:47,HIGH
955,5,1.0,0.9995,1,2026-05-15 21:28:47,HIGH
956,10,802.52,0.8944,1,2026-05-15 21:28:47,MEDIUM
957,12,99.99,0.9997,1,2026-05-15 21:28:47,HIGH
958,17,323.77,0.9442,1,2026-05-15 21:28:47,HIGH
959,20,1.0,0.9996,1,2026-05-15 21:28:48,HIGH
960,22,0.0,0.9977,1,2026-05-15 21:28:48,HIGH
961,23,175.9,0.9996,1,2026-05-15 21:28:48,HIGH
962,25,1402.16,0.9987,1,2026-05-15 21:28:48,HIGH
963,26,318.11,0.9989,1,2026-05-15 21:28:48,HIGH
964,27,111.7,0.9997,1,2026-05-15 21:28:48,HIGH
965,31,0.0,0.9997,1,2026-05-15 21:28:48,HIGH
966,32,1.0,0.9997,1,2026-05-15 21:28:48,HIGH
967,35,1.0,0.9951,1,2026-05-15 21:28:49,HIGH
968,36,1389.56,0.9992,1,2026-05-15 21:28:49,HIGH
969,40,99.99,0.9997,1,2026-05-15 21:28:49,HIGH
970,41,8.64,0.9997,1,2026-05-15 21:28:49,HIGH
971,42,1.0,0.9997,1,2026-05-15 21:28:49,HIGH
972,43,37.93,0.9997,1,2026-05-15 21:28:49,HIGH
973,45,316.06,0.9997,1,2026-05-15 21:28:49,HIGH
974,46,240.77,0.9997,1,2026-05-15 21:28:49,HIGH
975,49,10.7,0.9994,1,2026-05-15 21:28:50,HIGH
976,53,0.2,0.8203,1,2026-05-15 21:28:50,MEDIUM
977,55,1.0,0.9996,1,2026-05-15 21:28:50,HIGH
978,56,0.0,0.9996,1,2026-05-15 21:28:50,HIGH
979,58,1.0,0.9996,1,2026-05-15 21:28:50,HIGH
980,59,7.53,0.9996,1,2026-05-15 21:28:50,HIGH
981,61,0.01,0.9997,1,2026-05-15 21:28:50,HIGH
982,62,1.0,0.9996,1,2026-05-15 21:28:51,HIGH
983,64,1.1,0.9995,1,2026-05-15 21:28:51,HIGH
984,69,99.99,0.9997,1,2026-05-15 21:28:51,HIGH
985,71,1.0,0.948,1,2026-05-15 21:28:51,HIGH
986,75,600.73,0.9977,1,2026-05-15 21:28:51,HIGH
987,76,1.0,0.9923,1,2026-05-15 21:28:51,HIGH
988,78,3.79,0.8699,1,2026-05-15 21:28:52,MEDIUM
989,80,30.31,0.9997,1,2026-05-15 21:28:52,HIGH
990,82,99.99,0.9997,1,2026-05-15 21:28:52,HIGH
991,83,252.92,0.9997,1,2026-05-15 21:28:52,HIGH
992,84,99.99,0.9997,1,2026-05-15 21:28:52,HIGH
993,85,1.0,0.9996,1,2026-05-15 21:28:52,HIGH
994,90,1.0,0.7718,1,2026-05-15 21:28:52,MEDIUM
995,91,480.72,0.8929,1,2026-05-15 21:28:53,MEDIUM
996,92,0.0,0.9989,1,2026-05-15 21:28:53,HIGH
997,94,1354.25,0.9989,1,2026-05-15 21:28:53,HIGH
998,96,237.26,0.9914,1,2026-05-15 21:28:53,HIGH
999,98,19.02,0.9969,1,2026-05-15 21:28:53,HIGH
1000,99,99.99,0.9997,1,2026-05-15 21:28:53,HIGH
1001,102,186.13,0.9994,1,2026-05-15 21:28:53,HIGH
1002,104,1.0,0.9834,1,2026-05-15 21:28:53,HIGH
1003,109,99.99,0.9997,1,2026-05-15 21:28:54,HIGH
1004,115,0.0,0.9996,1,2026-05-15 21:28:54,HIGH
1005,116,1.1,0.9889,1,2026-05-15 21:28:54,HIGH
1006,117,153.46,0.9997,1,2026-05-15 21:28:54,HIGH
1007,120,75.86,0.9996,1,2026-05-15 21:28:55,HIGH
1008,122,1.59,0.9995,1,2026-05-15 21:28:55,HIGH
1009,124,60.0,0.9737,1,2026-05-15 21:28:55,HIGH
1010,125,0.76,0.7807,1,2026-05-15 21:28:55,MEDIUM
1011,128,1.0,0.9997,1,2026-05-15 21:28:55,HIGH
1012,133,0.0,0.9997,1,2026-05-15 21:28:55,HIGH
1013,136,1.0,0.9996,1,2026-05-15 21:28:56,HIGH
1014,137,459.07,0.9994,1,2026-05-15 21:28:56,HIGH
1015,138,0.0,0.9721,1,2026-05-15 21:28:56,HIGH
1016,139,1.0,0.9996,1,2026-05-15 21:28:56,HIGH
1017,140,99.99,0.9997,1,2026-05-15 21:28:56,HIGH
1018,141,1218.89,0.9896,1,2026-05-15 21:28:56,HIGH
1019,142,99.85,0.9997,1,2026-05-15 21:28:56,HIGH
1020,144,451.27,0.8537,1,2026-05-15 21:28:56,MEDIUM
1021,148,30.14,0.7477,1,2026-05-15 21:28:57,MEDIUM
1022,150,33.76,0.6103,1,2026-05-15 21:28:57,LOW
1023,152,0.76,0.9996,1,2026-05-15 21:28:57,HIGH
1024,154,122.68,0.9996,1,2026-05-15 21:28:57,HIGH
1025,156,7.06,0.9713,1,2026-05-15 21:28:57,HIGH
1026,157,104.03,0.9997,1,2026-05-15 21:28:57,HIGH
1027,159,3.76,0.9711,1,2026-05-15 21:28:57,HIGH
1028,167,44.9,0.9997,1,2026-05-15 21:28:58,HIGH
1029,169,11.4,0.9996,1,2026-05-15 21:28:58,HIGH
1030,170,1.0,0.9997,1,2026-05-15 21:28:58,HIGH
1031,171,2125.87,0.8583,1,2026-05-15 21:28:58,MEDIUM
1032,172,0.38,0.999,1,2026-05-15 21:28:58,HIGH
1033,173,112.33,0.9997,1,2026-05-15 21:28:58,HIGH
1034,175,349.08,0.9984,1,2026-05-15 21:28:58,HIGH
1035,176,45.51,0.9997,1,2026-05-15 21:28:58,HIGH
1036,177,1.0,0.926,1,2026-05-15 21:28:59,HIGH
1037,178,106.9,0.9996,1,2026-05-15 21:28:59,HIGH
1038,183,2.0,0.9995,1,2026-05-15 21:28:59,HIGH
1039,186,99.99,0.9996,1,2026-05-15 21:28:59,HIGH
1040,188,3.22,0.7293,1,2026-05-15 21:28:59,MEDIUM
1041,194,18.98,0.9976,1,2026-05-15 21:29:00,HIGH
1042,195,1.0,0.9991,1,2026-05-15 21:29:00,HIGH
1043,196,2.0,0.9989,1,2026-05-15 21:29:00,HIGH
1044,197,0.76,0.9943,1,2026-05-15 21:29:00,HIGH
1045,198,1.0,0.9835,1,2026-05-15 21:29:00,HIGH
1046,200,99.99,0.9997,1,2026-05-15 21:29:00,HIGH
1047,201,1.0,0.998,1,2026-05-15 21:29:00,HIGH
1048,207,99.99,0.9997,1,2026-05-15 21:29:01,HIGH
1049,211,99.99,0.9997,1,2026-05-15 21:29:01,HIGH
1050,212,1.0,0.9973,1,2026-05-15 21:29:01,HIGH
1051,216,1.0,0.9996,1,2026-05-15 21:29:01,HIGH
1052,218,219.8,0.9996,1,2026-05-15 21:29:01,HIGH
1053,221,188.52,0.9997,1,2026-05-15 21:29:01,HIGH
1054,224,1.0,0.9996,1,2026-05-15 21:29:02,HIGH
1055,226,239.93,0.909,1,2026-05-15 21:29:02,HIGH
1056,228,0.0,0.9996,1,2026-05-15 21:29:02,HIGH
1057,231,346.94,0.9996,1,2026-05-15 21:29:02,HIGH
1058,233,12.31,0.9248,1,2026-05-15 21:29:02,HIGH
1059,235,1.0,0.9996,1,2026-05-15 21:29:02,HIGH
1060,236,30.39,0.9997,1,2026-05-15 21:29:02,HIGH
1061,239,1.0,0.954,1,2026-05-15 21:29:03,HIGH
1062,240,1.0,0.9971,1,2026-05-15 21:29:03,HIGH
1063,241,59.0,0.9393,1,2026-05-15 21:29:03,HIGH
1064,242,101.5,0.9994,1,2026-05-15 21:29:03,HIGH
1065,245,30.31,0.9997,1,2026-05-15 21:29:03,HIGH
1066,246,0.76,0.9997,1,2026-05-15 21:29:03,HIGH
1067,247,0.0,0.9989,1,2026-05-15 21:29:03,HIGH
1068,248,99.99,0.9997,1,2026-05-15 21:29:03,HIGH
1069,249,30.3,0.948,1,2026-05-15 21:29:03,HIGH
1070,250,38.76,0.986,1,2026-05-15 21:29:03,HIGH
1071,251,0.68,0.9939,1,2026-05-15 21:29:04,HIGH
1072,255,120.54,0.9796,1,2026-05-15 21:29:04,HIGH
1073,256,1.63,0.9996,1,2026-05-15 21:29:04,HIGH
1074,260,1.0,0.9994,1,2026-05-15 21:29:04,HIGH
1075,262,0.77,0.9996,1,2026-05-15 21:29:04,HIGH
1076,263,9.13,0.9997,1,2026-05-15 21:29:04,HIGH
1077,264,0.0,0.9997,1,2026-05-15 21:29:04,HIGH
1078,265,65.0,0.9996,1,2026-05-15 21:29:04,HIGH
1079,268,276.17,0.9075,1,2026-05-15 21:29:05,HIGH
1080,270,723.21,0.933,1,2026-05-15 21:29:05,HIGH
1081,271,245.0,0.9995,1,2026-05-15 21:29:05,HIGH
1082,272,88.23,0.9997,1,2026-05-15 21:29:05,HIGH
1083,274,254.76,0.9997,1,2026-05-15 21:29:05,HIGH
1084,276,1.0,0.9996,1,2026-05-15 21:29:05,HIGH
1085,277,113.92,0.9996,1,2026-05-15 21:29:05,HIGH
1086,279,0.68,0.99,1,2026-05-15 21:29:05,HIGH
1087,283,238.9,0.9995,1,2026-05-15 21:29:06,HIGH
1088,284,261.22,0.8382,1,2026-05-15 21:29:06,MEDIUM
1089,285,290.18,0.6486,1,2026-05-15 21:29:06,LOW
1090,287,105.89,0.9867,1,2026-05-15 21:29:06,HIGH
1091,288,247.86,0.9854,1,2026-05-15 21:29:06,HIGH
1092,289,1.0,0.9996,1,2026-05-15 21:29:06,HIGH
1093,294,0.77,0.9995,1,2026-05-15 21:29:06,HIGH
1094,295,11.0,0.9993,1,2026-05-15 21:29:07,HIGH
1095,296,4.97,0.9995,1,2026-05-15 21:29:07,HIGH
1096,298,0.76,0.9997,1,2026-05-15 21:29:07,HIGH
1097,299,1.0,0.9986,1,2026-05-15 21:29:07,HIGH
1098,300,1.0,0.7881,1,2026-05-15 21:29:07,MEDIUM
1099,302,0.01,0.9997,1,2026-05-15 21:29:07,HIGH
1100,303,0.0,0.7507,1,2026-05-15 21:29:07,MEDIUM
1101,304,996.27,0.9854,1,2026-05-15 21:29:07,HIGH
1102,307,0.92,0.908,1,2026-05-15 21:29:07,HIGH
1103,315,357.95,0.9051,1,2026-05-15 21:29:08,HIGH
1104,316,1504.93,0.9973,1,2026-05-15 21:29:08,HIGH
1105,317,1.0,0.9996,1,2026-05-15 21:29:08,HIGH
1106,320,294.9,0.9997,1,2026-05-15 21:29:08,HIGH
1107,321,99.99,0.9997,1,2026-05-15 21:29:08,HIGH
1108,322,1.0,0.9997,1,2026-05-15 21:29:08,HIGH
1109,323,78.0,0.9997,1,2026-05-15 21:29:08,HIGH
1110,327,0.01,0.9985,1,2026-05-15 21:29:09,HIGH
1111,328,19.95,0.5415,1,2026-05-15 21:29:09,LOW
1112,330,39.45,0.9996,1,2026-05-15 21:29:09,HIGH
1113,332,1.0,0.9996,1,2026-05-15 21:29:09,HIGH
1114,335,0.0,0.7334,1,2026-05-15 21:29:09,MEDIUM
1115,336,1.0,0.9996,1,2026-05-15 21:29:09,HIGH
1116,341,0.77,0.9996,1,2026-05-15 21:29:10,HIGH
1117,344,37.32,0.9997,1,2026-05-15 21:29:10,HIGH
1118,345,0.01,0.999,1,2026-05-15 21:29:10,HIGH
1119,346,94.82,0.9996,1,2026-05-15 21:29:10,HIGH
1120,349,18.96,0.9995,1,2026-05-15 21:29:10,HIGH
1121,351,130.44,0.9997,1,2026-05-15 21:29:10,HIGH
1122,352,252.92,0.9997,1,2026-05-15 21:29:10,HIGH
1123,354,99.99,0.9997,1,2026-05-15 21:29:10,HIGH
1124,355,18.0,0.9987,1,2026-05-15 21:29:11,HIGH
1125,356,106.55,0.9997,1,2026-05-15 21:29:11,HIGH
1126,357,316.06,0.9997,1,2026-05-15 21:29:11,HIGH
1127,358,1.59,0.9995,1,2026-05-15 21:29:11,HIGH
1128,359,33.59,0.9993,1,2026-05-15 21:29:11,HIGH
1129,360,648.0,0.9996,1,2026-05-15 21:29:11,HIGH
1130,361,0.0,0.9995,1,2026-05-15 21:29:11,HIGH
1131,363,172.32,0.9997,1,2026-05-15 21:29:11,HIGH
1132,364,51.37,0.9995,1,2026-05-15 21:29:11,HIGH
1133,365,99.99,0.9997,1,2026-05-15 21:29:11,HIGH
1134,366,1.0,0.9995,1,2026-05-15 21:29:11,HIGH
1135,368,1.75,0.9995,1,2026-05-15 21:29:11,HIGH
1136,369,925.31,0.9961,1,2026-05-15 21:29:12,HIGH
1137,373,1.0,0.9995,1,2026-05-15 21:29:12,HIGH
1138,374,8.0,0.9995,1,2026-05-15 21:29:12,HIGH
1139,375,1.0,0.9995,1,2026-05-15 21:29:12,HIGH
1140,377,127.14,0.9997,1,2026-05-15 21:29:12,HIGH
1141,378,23.36,0.9895,1,2026-05-15 21:29:12,HIGH
1142,381,426.4,0.9993,1,2026-05-15 21:29:12,HIGH
1143,382,204.27,0.9989,1,2026-05-15 21:29:12,HIGH
1144,384,3.79,0.9789,1,2026-05-15 21:29:13,HIGH
1145,385,101.5,0.9984,1,2026-05-15 21:29:13,HIGH
1146,388,364.19,0.9896,1,2026-05-15 21:29:13,HIGH
1147,391,7.52,0.9997,1,2026-05-15 21:29:13,HIGH
1148,392,3.93,0.7559,1,2026-05-15 21:29:13,MEDIUM
1149,394,0.76,0.9992,1,2026-05-15 21:29:13,HIGH
1150,396,3.12,0.9435,1,2026-05-15 21:29:13,HIGH
1151,397,0.76,0.929,1,2026-05-15 21:29:13,HIGH
1152,398,1.0,0.9996,1,2026-05-15 21:29:13,HIGH
1153,401,1809.68,0.5584,1,2026-05-15 21:29:14,LOW
1154,402,7.59,0.6952,1,2026-05-15 21:29:14,LOW
1155,408,22.04,0.9974,1,2026-05-15 21:29:14,HIGH
1156,409,1.0,0.9996,1,2026-05-15 21:29:14,HIGH
1157,414,1.0,0.9997,1,2026-05-15 21:29:14,HIGH
1158,421,1.0,0.9996,1,2026-05-15 21:29:15,HIGH
1159,423,39.9,0.9866,1,2026-05-15 21:29:15,HIGH
1160,425,2.0,0.9958,1,2026-05-15 21:29:15,HIGH
1161,426,25.0,0.9976,1,2026-05-15 21:29:15,HIGH
1162,427,0.68,0.999,1,2026-05-15 21:29:15,HIGH
1163,428,99.99,0.9997,1,2026-05-15 21:29:15,HIGH
1164,430,0.0,0.9997,1,2026-05-15 21:29:15,HIGH
1165,431,6.99,0.9486,1,2026-05-15 21:29:16,HIGH
1166,432,144.62,0.9994,1,2026-05-15 21:29:16,HIGH
1167,433,80.22,0.9994,1,2026-05-15 21:29:16,HIGH
1168,434,6.74,0.9997,1,2026-05-15 21:29:16,HIGH
1169,435,1.0,0.9997,1,2026-05-15 21:29:16,HIGH
1170,436,1.0,0.9994,1,2026-05-15 21:29:16,HIGH
1171,437,311.91,0.9199,1,2026-05-15 21:29:16,HIGH
1172,438,67.9,0.9995,1,2026-05-15 21:29:16,HIGH
1173,441,549.06,0.7448,1,2026-05-15 21:29:16,MEDIUM
1174,448,261.87,0.6249,1,2026-05-15 21:29:17,LOW
1175,453,39.45,0.9995,1,2026-05-15 21:29:17,HIGH
1176,454,360.0,0.9976,1,2026-05-15 21:29:17,HIGH
1177,455,99.9,0.9997,1,2026-05-15 21:29:17,HIGH
1178,459,80.9,0.998,1,2026-05-15 21:29:17,HIGH
1179,460,1.0,0.9997,1,2026-05-15 21:29:17,HIGH
1180,461,99.99,0.9997,1,2026-05-15 21:29:17,HIGH
1181,462,88.23,0.9997,1,2026-05-15 21:29:18,HIGH
1182,465,345.0,0.9689,1,2026-05-15 21:29:18,HIGH
1183,466,1.0,0.9296,1,2026-05-15 21:29:18,HIGH
1184,467,5.3,0.9997,1,2026-05-15 21:29:18,HIGH
1185,468,1.18,0.9996,1,2026-05-15 21:29:18,HIGH
1186,470,0.77,0.9996,1,2026-05-15 21:29:18,HIGH
1187,471,144.8,0.9996,1,2026-05-15 21:29:18,HIGH
1188,472,19.02,0.9997,1,2026-05-15 21:29:18,HIGH
1189,474,1.52,0.5603,1,2026-05-15 21:29:18,LOW
1190,475,147.87,0.9993,1,2026-05-15 21:29:18,HIGH
1191,482,60.6,0.9994,1,2026-05-15 21:29:19,HIGH
1192,483,1.0,0.9989,1,2026-05-15 21:29:19,HIGH
1193,484,22.47,0.8834,1,2026-05-15 21:29:19,MEDIUM
1194,486,766.36,0.9997,1,2026-05-15 21:29:19,HIGH
1195,487,1.0,0.9997,1,2026-05-15 21:29:19,HIGH
1196,488,9.82,0.9987,1,2026-05-15 21:29:19,HIGH
1197,489,99.99,0.9997,1,2026-05-15 21:29:19,HIGH
1198,494,111.7,0.9997,1,2026-05-15 21:29:19,HIGH
1199,495,0.0,0.9879,1,2026-05-15 21:29:19,HIGH
1200,496,1.0,0.9996,1,2026-05-15 21:29:20,HIGH
1201,497,1.0,0.9997,1,2026-05-15 21:29:20,HIGH
1202,498,0.0,0.9997,1,2026-05-15 21:29:20,HIGH
1203,503,727.91,0.9994,1,2026-05-15 21:29:20,HIGH
1204,508,1.0,0.9857,1,2026-05-15 21:29:20,HIGH
1205,511,1.0,0.9921,1,2026-05-15 21:29:20,HIGH
1206,513,2.28,0.9996,1,2026-05-15 21:29:21,HIGH
1207,514,1.0,0.9996,1,2026-05-15 21:29:21,HIGH
1208,515,1.63,0.9997,1,2026-05-15 21:29:21,HIGH
1209,517,489.71,0.9993,1,2026-05-15 21:29:21,HIGH
1210,518,0.83,0.9997,1,2026-05-15 21:29:21,HIGH
1211,520,1.0,0.9996,1,2026-05-15 21:29:21,HIGH
1212,521,17.06,0.9994,1,2026-05-15 21:29:21,HIGH
1213,524,104.0,0.9997,1,2026-05-15 21:29:21,HIGH
1214,525,1.0,0.9713,1,2026-05-15 21:29:21,HIGH
1215,528,454.82,0.9993,1,2026-05-15 21:29:22,HIGH
1216,530,0.76,0.9009,1,2026-05-15 21:29:22,HIGH
1217,532,99.99,0.9997,1,2026-05-15 21:29:22,HIGH
1218,534,9.21,0.962,1,2026-05-15 21:29:22,HIGH
1219,536,17.39,0.9588,1,2026-05-15 21:29:22,HIGH
1220,537,1.0,0.9991,1,2026-05-15 21:29:22,HIGH
1221,538,730.86,0.9965,1,2026-05-15 21:29:22,HIGH
1222,540,1.0,0.9997,1,2026-05-15 21:29:22,HIGH
1223,541,0.01,0.9997,1,2026-05-15 21:29:22,HIGH
1224,542,2.0,0.9993,1,2026-05-15 21:29:22,HIGH
1225,543,824.83,0.9945,1,2026-05-15 21:29:22,HIGH
1226,544,390.0,0.9993,1,2026-05-15 21:29:22,HIGH
1227,545,1.52,0.9997,1,2026-05-15 21:29:23,HIGH
1228,550,59.68,0.9997,1,2026-05-15 21:29:23,HIGH
1229,551,11.38,0.9997,1,2026-05-15 21:29:23,HIGH
1230,552,156.0,0.9991,1,2026-05-15 21:29:23,HIGH
1231,554,99.99,0.9893,1,2026-05-15 21:29:23,HIGH
1232,557,93.35,0.9962,1,2026-05-15 21:29:23,HIGH
1233,558,512.25,0.9997,1,2026-05-15 21:29:23,HIGH
1234,559,188.78,0.9996,1,2026-05-15 21:29:23,HIGH
1235,560,2.27,0.9987,1,2026-05-15 21:29:23,HIGH
1236,561,270.0,0.9995,1,2026-05-15 21:29:24,HIGH
1237,565,1.0,0.998,1,2026-05-15 21:29:24,HIGH
1238,566,1.0,0.9997,1,2026-05-15 21:29:24,HIGH
1239,568,188.52,0.9997,1,2026-05-15 21:29:24,HIGH
1240,569,2.28,0.9997,1,2026-05-15 21:29:24,HIGH
1241,572,173.07,0.9995,1,2026-05-15 21:29:24,HIGH
1242,574,1.0,0.9996,1,2026-05-15 21:29:24,HIGH
1243,575,0.76,0.9997,1,2026-05-15 21:29:24,HIGH
1244,577,1.0,0.999,1,2026-05-15 21:29:25,HIGH
1245,578,296.0,0.9968,1,2026-05-15 21:29:25,HIGH
1246,579,0.69,0.8775,1,2026-05-15 21:29:25,MEDIUM
1247,581,1.0,0.9996,1,2026-05-15 21:29:25,HIGH
1248,582,1.0,0.9997,1,2026-05-15 21:29:25,HIGH
1249,586,320.01,0.9996,1,2026-05-15 21:29:25,HIGH
1250,590,112.45,0.9961,1,2026-05-15 21:29:25,HIGH
1251,596,1.0,0.9995,1,2026-05-15 21:29:26,HIGH
1252,597,52.69,0.9996,1,2026-05-15 21:29:26,HIGH
1253,601,1.0,0.9996,1,2026-05-15 21:29:26,HIGH
1254,602,0.76,0.9997,1,2026-05-15 21:29:26,HIGH
1255,603,571.48,0.929,1,2026-05-15 21:29:26,HIGH
1256,604,129.0,0.6653,1,2026-05-15 21:29:26,LOW
1257,607,1.0,0.9997,1,2026-05-15 21:29:26,HIGH
1258,608,83.38,0.9997,1,2026-05-15 21:29:27,HIGH
1259,611,0.83,0.9997,1,2026-05-15 21:29:27,HIGH
1260,612,209.65,0.9997,1,2026-05-15 21:29:27,HIGH
1261,620,1.0,0.9996,1,2026-05-15 21:29:27,HIGH
1262,622,7.58,0.8293,1,2026-05-15 21:29:27,MEDIUM
1263,624,0.76,0.9994,1,2026-05-15 21:29:27,HIGH
1264,625,1.0,0.9994,1,2026-05-15 21:29:28,HIGH
1265,627,1.0,0.9996,1,2026-05-15 21:29:28,HIGH
1266,632,39.98,0.9952,1,2026-05-15 21:29:28,HIGH
1267,633,1.18,0.9996,1,2026-05-15 21:29:28,HIGH
1268,636,1.0,0.9996,1,2026-05-15 21:29:28,HIGH
1269,637,1.0,0.9981,1,2026-05-15 21:29:28,HIGH
1270,639,1.0,0.9556,1,2026-05-15 21:29:29,HIGH
1271,641,40.0,0.8293,1,2026-05-15 21:29:29,MEDIUM
1272,642,1.0,0.9996,1,2026-05-15 21:29:29,HIGH
1273,643,1.0,0.9997,1,2026-05-15 21:29:29,HIGH
1274,645,4.87,0.9993,1,2026-05-15 21:29:29,HIGH
1275,646,0.77,0.9983,1,2026-05-15 21:29:29,HIGH
1276,651,5.09,0.8887,1,2026-05-15 21:29:29,MEDIUM
1277,659,19.73,0.9991,1,2026-05-15 21:29:30,HIGH
1278,661,1.0,0.9996,1,2026-05-15 21:29:30,HIGH
1279,665,3.79,0.9997,1,2026-05-15 21:29:30,HIGH
1280,666,1.0,0.9996,1,2026-05-15 21:29:30,HIGH
1281,668,776.83,0.9215,1,2026-05-15 21:29:30,HIGH
1282,669,8.0,0.8973,1,2026-05-15 21:29:30,MEDIUM
1283,670,0.77,0.9986,1,2026-05-15 21:29:31,HIGH
1284,675,30.26,0.9997,1,2026-05-15 21:29:31,HIGH
1285,676,1.0,0.9996,1,2026-05-15 21:29:31,HIGH
1286,677,105.99,0.811,1,2026-05-15 21:29:31,MEDIUM
1287,678,195.66,0.9987,1,2026-05-15 21:29:31,HIGH
1288,680,180.0,0.999,1,2026-05-15 21:29:31,HIGH
1289,684,1.0,0.9986,1,2026-05-15 21:29:31,HIGH
1290,686,1.0,0.9997,1,2026-05-15 21:29:31,HIGH
1291,687,0.76,0.9832,1,2026-05-15 21:29:32,HIGH
1292,689,1.0,0.9855,1,2026-05-15 21:29:32,HIGH
1293,690,78.0,0.9997,1,2026-05-15 21:29:32,HIGH
1294,696,7.57,0.9936,1,2026-05-15 21:29:32,HIGH
1295,698,44.9,0.9997,1,2026-05-15 21:29:32,HIGH
1296,699,1.0,0.9996,1,2026-05-15 21:29:32,HIGH
1297,700,1.0,0.9993,1,2026-05-15 21:29:32,HIGH
1298,706,0.76,0.9095,1,2026-05-15 21:29:32,HIGH
1299,707,24.9,0.7786,1,2026-05-15 21:29:33,MEDIUM
1300,708,88.0,0.9992,1,2026-05-15 21:29:33,HIGH
1301,713,119.74,0.9997,1,2026-05-15 21:29:33,HIGH
1302,714,94.82,0.9997,1,2026-05-15 21:29:33,HIGH
1303,715,18.96,0.9977,1,2026-05-15 21:29:33,HIGH
1304,716,1.0,0.9997,1,2026-05-15 21:29:33,HIGH
1305,717,45.49,0.9997,1,2026-05-15 21:29:33,HIGH
1306,720,1.0,0.9996,1,2026-05-15 21:29:33,HIGH
1307,722,45.64,0.9995,1,2026-05-15 21:29:34,HIGH
1308,724,310.42,0.9997,1,2026-05-15 21:29:34,HIGH
1309,725,1.0,0.9993,1,2026-05-15 21:29:34,HIGH
1310,726,723.21,0.9996,1,2026-05-15 21:29:34,HIGH
1311,727,118.3,0.9997,1,2026-05-15 21:29:34,HIGH
1312,728,170.92,0.9997,1,2026-05-15 21:29:34,HIGH
1313,729,5.91,0.9918,1,2026-05-15 21:29:34,HIGH
1314,730,9.29,0.9866,1,2026-05-15 21:29:34,HIGH
1315,731,124.53,0.9996,1,2026-05-15 21:29:34,HIGH
1316,732,667.55,0.9997,1,2026-05-15 21:29:34,HIGH
1317,738,34.12,0.9997,1,2026-05-15 21:29:34,HIGH
1318,740,592.9,0.9996,1,2026-05-15 21:29:35,HIGH
1319,754,130.21,0.9996,1,2026-05-15 21:29:35,HIGH
1320,757,512.25,0.9997,1,2026-05-15 21:29:35,HIGH
1321,759,57.73,0.9997,1,2026-05-15 21:29:35,HIGH
1322,761,340.11,0.9997,1,2026-05-15 21:29:36,HIGH
1323,763,1.0,0.8428,1,2026-05-15 21:29:36,MEDIUM
1324,767,7.18,0.7238,1,2026-05-15 21:29:36,MEDIUM
1325,770,227.3,0.9994,1,2026-05-15 21:29:36,HIGH
1326,773,1.0,0.9996,1,2026-05-15 21:29:36,HIGH
1327,775,0.0,0.7123,1,2026-05-15 21:29:37,MEDIUM
1328,778,105.89,0.9964,1,2026-05-15 21:29:37,HIGH
1329,779,1.0,0.7257,1,2026-05-15 21:29:37,MEDIUM
1330,783,829.41,0.9041,1,2026-05-15 21:29:37,HIGH
1331,784,0.0,0.9989,1,2026-05-15 21:29:37,HIGH
1332,785,1335.0,0.997,1,2026-05-15 21:29:37,HIGH
1333,786,320.0,0.7824,1,2026-05-15 21:29:37,MEDIUM
1334,789,4.9,0.9833,1,2026-05-15 21:29:37,HIGH
1335,790,0.0,0.9997,1,2026-05-15 21:29:37,HIGH
1336,805,104.81,0.8674,1,2026-05-15 21:29:38,MEDIUM
1337,806,76.94,0.9994,1,2026-05-15 21:29:38,HIGH
1338,808,0.76,0.999,1,2026-05-15 21:29:39,HIGH
1339,810,1.0,0.9996,1,2026-05-15 21:29:39,HIGH
1340,812,0.76,0.9227,1,2026-05-15 21:29:39,HIGH
1341,819,7.61,0.9997,1,2026-05-15 21:29:39,HIGH
1342,821,45.03,0.738,1,2026-05-15 21:29:39,MEDIUM
1343,825,3.9,0.9997,1,2026-05-15 21:29:40,HIGH
1344,828,6.62,0.9984,1,2026-05-15 21:29:40,HIGH
1345,829,84.28,0.9994,1,2026-05-15 21:29:40,HIGH
1346,831,8.3,0.9996,1,2026-05-15 21:29:40,HIGH
1347,835,1.0,0.9844,1,2026-05-15 21:29:40,HIGH
1348,844,4.56,0.9997,1,2026-05-15 21:29:41,HIGH
1349,848,324.59,0.9833,1,2026-05-15 21:29:41,HIGH
1350,850,1.0,0.9996,1,2026-05-15 21:29:41,HIGH
1351,854,6.27,0.9996,1,2026-05-15 21:29:41,HIGH
1352,855,53.95,0.9997,1,2026-05-15 21:29:41,HIGH
1353,856,1.0,0.9996,1,2026-05-15 21:29:41,HIGH
1354,858,1.0,0.9996,1,2026-05-15 21:29:41,HIGH
1355,859,77.89,0.9974,1,2026-05-15 21:29:41,HIGH
1356,861,1.0,0.9996,1,2026-05-15 21:29:41,HIGH
1357,862,1.0,0.5471,1,2026-05-15 21:29:41,LOW
1358,863,2.22,0.9847,1,2026-05-15 21:29:41,HIGH
1359,865,108.51,0.8162,1,2026-05-15 21:29:42,MEDIUM
1360,868,139.9,0.9997,1,2026-05-15 21:29:42,HIGH
1361,869,99.99,0.9997,1,2026-05-15 21:29:42,HIGH
1362,870,45.51,0.9952,1,2026-05-15 21:29:42,HIGH
1363,872,9.99,0.9796,1,2026-05-15 21:29:42,HIGH
1364,877,99.99,0.9997,1,2026-05-15 21:29:42,HIGH
1365,879,1.0,0.9983,1,2026-05-15 21:29:42,HIGH
1366,880,0.76,0.6994,1,2026-05-15 21:29:42,LOW
1367,881,3.79,0.5903,1,2026-05-15 21:29:42,LOW
1368,883,362.55,0.998,1,2026-05-15 21:29:43,HIGH
1369,884,5.0,0.9997,1,2026-05-15 21:29:43,HIGH
1370,886,720.38,0.9995,1,2026-05-15 21:29:43,HIGH
1371,888,1.0,0.9996,1,2026-05-15 21:29:43,HIGH
1372,890,0.0,0.9971,1,2026-05-15 21:29:43,HIGH
1373,894,8.54,0.9997,1,2026-05-15 21:29:43,HIGH
1374,896,1.0,0.9855,1,2026-05-15 21:29:43,HIGH
1375,898,3.14,0.9742,1,2026-05-15 21:29:44,HIGH
1376,899,35.0,0.9895,1,2026-05-15 21:29:44,HIGH
1377,903,12.31,0.9997,1,2026-05-15 21:29:44,HIGH
1378,904,319.2,0.9977,1,2026-05-15 21:29:44,HIGH
1379,905,1.0,0.7592,1,2026-05-15 21:29:44,MEDIUM
1380,908,0.77,0.9856,1,2026-05-15 21:29:44,HIGH
1381,910,1.0,0.8161,1,2026-05-15 21:29:44,MEDIUM
1382,913,1.0,0.9834,1,2026-05-15 21:29:44,HIGH
1383,915,0.0,0.9986,1,2026-05-15 21:29:45,HIGH
1384,920,99.99,0.9997,1,2026-05-15 21:29:45,HIGH
1385,921,19.04,0.9786,1,2026-05-15 21:29:45,HIGH
1386,922,1.0,0.9997,1,2026-05-15 21:29:45,HIGH
1387,925,0.76,0.9958,1,2026-05-15 21:29:45,HIGH
1388,926,1096.99,0.8006,1,2026-05-15 21:29:45,MEDIUM
1389,927,0.0,0.9808,1,2026-05-15 21:29:45,HIGH
1390,928,125.3,0.9994,1,2026-05-15 21:29:45,HIGH
1391,929,0.0,0.9997,1,2026-05-15 21:29:45,HIGH
1392,932,7.59,0.9997,1,2026-05-15 21:29:46,HIGH
1393,934,16.48,0.9931,1,2026-05-15 21:29:46,HIGH
1394,935,1.0,0.9996,1,2026-05-15 21:29:46,HIGH
1395,936,45.48,0.9997,1,2026-05-15 21:29:46,HIGH
1396,938,1.0,0.979,1,2026-05-15 21:29:46,HIGH
1397,939,0.0,0.9997,1,2026-05-15 21:29:46,HIGH
1398,940,99.99,0.9997,1,2026-05-15 21:29:46,HIGH
1399,945,634.3,0.8345,1,2026-05-15 21:29:46,MEDIUM
1400,949,311.28,0.9954,1,2026-05-15 21:29:47,HIGH
1401,954,444.17,0.9996,1,2026-05-15 21:29:47,HIGH
1402,957,0.77,0.9996,1,2026-05-15 21:29:47,HIGH
1403,960,99.99,0.9997,1,2026-05-15 21:29:47,HIGH
1404,961,4.69,0.9997,1,2026-05-15 21:29:47,HIGH
1405,965,1.0,0.982,1,2026-05-15 21:29:48,HIGH
1406,966,1.1,0.9992,1,2026-05-15 21:29:48,HIGH
1407,967,97.0,0.9996,1,2026-05-15 21:29:48,HIGH
1408,968,0.77,0.9996,1,2026-05-15 21:29:48,HIGH
1409,969,208.58,0.8412,1,2026-05-15 21:29:48,MEDIUM
1410,970,1.0,0.9997,1,2026-05-15 21:29:48,HIGH
1411,972,1.0,0.9995,1,2026-05-15 21:29:48,HIGH
1412,973,0.0,0.9989,1,2026-05-15 21:29:48,HIGH
1413,975,8.9,0.9987,1,2026-05-15 21:29:48,HIGH
1414,976,42.53,0.8013,1,2026-05-15 21:29:48,MEDIUM
1415,977,1.0,0.9997,1,2026-05-15 21:29:48,HIGH
1416,979,104.03,0.9997,1,2026-05-15 21:29:48,HIGH
1417,981,273.01,0.9997,1,2026-05-15 21:29:49,HIGH
1418,984,14.46,0.9997,1,2026-05-15 21:29:49,HIGH
1419,985,720.8,0.9059,1,2026-05-15 21:29:49,HIGH
1420,986,717.15,0.9974,1,2026-05-15 21:29:49,HIGH
1421,987,0.77,0.9996,1,2026-05-15 21:29:49,HIGH
1422,988,2.28,0.9996,1,2026-05-15 21:29:49,HIGH
1423,989,0.0,0.9604,1,2026-05-15 21:29:49,HIGH
1424,990,187.11,0.7864,1,2026-05-15 21:29:49,MEDIUM
1425,991,0.0,0.9997,1,2026-05-15 21:29:49,HIGH
1426,993,1.0,0.9997,1,2026-05-15 21:29:49,HIGH
1427,995,99.99,0.9997,1,2026-05-15 21:29:49,HIGH
1428,996,1.0,0.9979,1,2026-05-15 21:29:49,HIGH
1429,997,354.33,0.6951,1,2026-05-15 21:29:50,LOW
1430,999,50.0,0.9841,1,2026-05-15 21:29:50,HIGH
1431,1000,12.31,0.9918,1,2026-05-15 21:29:50,HIGH
