transaction_id,amount,fraud_probability,prediction,actual_class,correct,timestamp,prob_bucket,result_label
1,11.37,0.0595,0,0,1,2026-05-15 21:28:46,0-10%,True Negative
2,35.95,0.0127,0,0,1,2026-05-15 21:28:46,0-10%,True Negative
3,1.79,0.0078,0,0,1,2026-05-15 21:28:46,0-10%,True Negative
4,55.0,0.0093,0,0,1,2026-05-15 21:28:47,0-10%,True Negative
5,1.0,0.9995,1,1,1,2026-05-15 21:28:47,90-100%,True Positive
6,4.0,0.0056,0,0,1,2026-05-15 21:28:47,0-10%,True Negative
7,139.98,0.0466,0,0,1,2026-05-15 21:28:47,0-10%,True Negative
8,20.0,0.0105,0,0,1,2026-05-15 21:28:47,0-10%,True Negative
9,112.85,0.0062,0,0,1,2026-05-15 21:28:47,0-10%,True Negative
10,802.52,0.8944,1,1,1,2026-05-15 21:28:47,70-90%,True Positive
11,1.98,0.0085,0,0,1,2026-05-15 21:28:47,0-10%,True Negative
12,99.99,0.9997,1,1,1,2026-05-15 21:28:47,90-100%,True Positive
13,108.0,0.0299,0,0,1,2026-05-15 21:28:47,0-10%,True Negative
14,78.5,0.0297,0,0,1,2026-05-15 21:28:47,0-10%,True Negative
15,11.5,0.0371,0,0,1,2026-05-15 21:28:47,0-10%,True Negative
16,63.22,0.0379,0,0,1,2026-05-15 21:28:47,0-10%,True Negative
17,323.77,0.9442,1,1,1,2026-05-15 21:28:47,90-100%,True Positive
18,167.83,0.0835,0,0,1,2026-05-15 21:28:47,0-10%,True Negative
19,9.83,0.012,0,0,1,2026-05-15 21:28:47,0-10%,True Negative
20,1.0,0.9996,1,1,1,2026-05-15 21:28:48,90-100%,True Positive
21,1.98,0.0111,0,0,1,2026-05-15 21:28:48,0-10%,True Negative
22,0.0,0.9977,1,1,1,2026-05-15 21:28:48,90-100%,True Positive
23,175.9,0.9996,1,1,1,2026-05-15 21:28:48,90-100%,True Positive
24,21.99,0.2891,0,0,1,2026-05-15 21:28:48,10-30%,True Negative
25,1402.16,0.9987,1,1,1,2026-05-15 21:28:48,90-100%,True Positive
26,318.11,0.9989,1,1,1,2026-05-15 21:28:48,90-100%,True Positive
27,111.7,0.9997,1,1,1,2026-05-15 21:28:48,90-100%,True Positive
28,119.0,0.0176,0,0,1,2026-05-15 21:28:48,0-10%,True Negative
29,28.0,0.0073,0,0,1,2026-05-15 21:28:48,0-10%,True Negative
30,27.38,0.1078,0,0,1,2026-05-15 21:28:48,10-30%,True Negative
31,0.0,0.9997,1,1,1,2026-05-15 21:28:48,90-100%,True Positive
32,1.0,0.9997,1,1,1,2026-05-15 21:28:48,90-100%,True Positive
33,4.99,0.02,0,0,1,2026-05-15 21:28:48,0-10%,True Negative
34,35.0,0.0154,0,0,1,2026-05-15 21:28:49,0-10%,True Negative
35,1.0,0.9951,1,1,1,2026-05-15 21:28:49,90-100%,True Positive
36,1389.56,0.9992,1,1,1,2026-05-15 21:28:49,90-100%,True Positive
37,20.0,0.0182,0,0,1,2026-05-15 21:28:49,0-10%,True Negative
38,1.0,0.0034,0,0,1,2026-05-15 21:28:49,0-10%,True Negative
39,25.0,0.007,0,0,1,2026-05-15 21:28:49,0-10%,True Negative
40,99.99,0.9997,1,1,1,2026-05-15 21:28:49,90-100%,True Positive
41,8.64,0.9997,1,1,1,2026-05-15 21:28:49,90-100%,True Positive
42,1.0,0.9997,1,1,1,2026-05-15 21:28:49,90-100%,True Positive
43,37.93,0.9997,1,1,1,2026-05-15 21:28:49,90-100%,True Positive
44,52.0,0.0152,0,0,1,2026-05-15 21:28:49,0-10%,True Negative
45,316.06,0.9997,1,1,1,2026-05-15 21:28:49,90-100%,True Positive
46,240.77,0.9997,1,1,1,2026-05-15 21:28:49,90-100%,True Positive
47,0.89,0.0145,0,0,1,2026-05-15 21:28:49,0-10%,True Negative
48,97.99,0.0113,0,0,1,2026-05-15 21:28:50,0-10%,True Negative
49,10.7,0.9994,1,1,1,2026-05-15 21:28:50,90-100%,True Positive
50,133.6,0.0081,0,0,1,2026-05-15 21:28:50,0-10%,True Negative
51,6.87,0.0295,0,0,1,2026-05-15 21:28:50,0-10%,True Negative
52,21.02,0.0092,0,0,1,2026-05-15 21:28:50,0-10%,True Negative
53,0.2,0.8203,1,1,1,2026-05-15 21:28:50,70-90%,True Positive
54,114.32,0.0306,0,0,1,2026-05-15 21:28:50,0-10%,True Negative
55,1.0,0.9996,1,1,1,2026-05-15 21:28:50,90-100%,True Positive
56,0.0,0.9996,1,1,1,2026-05-15 21:28:50,90-100%,True Positive
57,170.0,0.0128,0,0,1,2026-05-15 21:28:50,0-10%,True Negative
58,1.0,0.9996,1,1,1,2026-05-15 21:28:50,90-100%,True Positive
59,7.53,0.9996,1,1,1,2026-05-15 21:28:50,90-100%,True Positive
60,22.54,0.052,0,0,1,2026-05-15 21:28:50,0-10%,True Negative
61,0.01,0.9997,1,1,1,2026-05-15 21:28:50,90-100%,True Positive
62,1.0,0.9996,1,1,1,2026-05-15 21:28:51,90-100%,True Positive
63,16.44,0.059,0,0,1,2026-05-15 21:28:51,0-10%,True Negative
64,1.1,0.9995,1,1,1,2026-05-15 21:28:51,90-100%,True Positive
65,129.0,0.0063,0,0,1,2026-05-15 21:28:51,0-10%,True Negative
66,64.95,0.0145,0,0,1,2026-05-15 21:28:51,0-10%,True Negative
67,17.99,0.0032,0,0,1,2026-05-15 21:28:51,0-10%,True Negative
68,15.0,0.0266,0,0,1,2026-05-15 21:28:51,0-10%,True Negative
69,99.99,0.9997,1,1,1,2026-05-15 21:28:51,90-100%,True Positive
70,0.77,0.0072,0,0,1,2026-05-15 21:28:51,0-10%,True Negative
71,1.0,0.948,1,1,1,2026-05-15 21:28:51,90-100%,True Positive
72,4.18,0.0404,0,0,1,2026-05-15 21:28:51,0-10%,True Negative
73,9.99,0.0183,0,0,1,2026-05-15 21:28:51,0-10%,True Negative
74,0.89,0.0062,0,0,1,2026-05-15 21:28:51,0-10%,True Negative
75,600.73,0.9977,1,1,1,2026-05-15 21:28:51,90-100%,True Positive
76,1.0,0.9923,1,1,1,2026-05-15 21:28:51,90-100%,True Positive
77,443.0,0.085,0,0,1,2026-05-15 21:28:52,0-10%,True Negative
78,3.79,0.8699,1,1,1,2026-05-15 21:28:52,70-90%,True Positive
79,0.99,0.0251,0,0,1,2026-05-15 21:28:52,0-10%,True Negative
80,30.31,0.9997,1,1,1,2026-05-15 21:28:52,90-100%,True Positive
81,4.49,0.0036,0,0,1,2026-05-15 21:28:52,0-10%,True Negative
82,99.99,0.9997,1,1,1,2026-05-15 21:28:52,90-100%,True Positive
83,252.92,0.9997,1,1,1,2026-05-15 21:28:52,90-100%,True Positive
84,99.99,0.9997,1,1,1,2026-05-15 21:28:52,90-100%,True Positive
85,1.0,0.9996,1,1,1,2026-05-15 21:28:52,90-100%,True Positive
86,87.0,0.0028,0,0,1,2026-05-15 21:28:52,0-10%,True Negative
87,541.0,0.0266,0,0,1,2026-05-15 21:28:52,0-10%,True Negative
88,15.0,0.0059,0,0,1,2026-05-15 21:28:52,0-10%,True Negative
89,1.0,0.0139,0,0,1,2026-05-15 21:28:52,0-10%,True Negative
90,1.0,0.7718,1,1,1,2026-05-15 21:28:52,70-90%,True Positive
91,480.72,0.8929,1,1,1,2026-05-15 21:28:53,70-90%,True Positive
92,0.0,0.9989,1,1,1,2026-05-15 21:28:53,90-100%,True Positive
93,56.89,0.025,0,0,1,2026-05-15 21:28:53,0-10%,True Negative
94,1354.25,0.9989,1,1,1,2026-05-15 21:28:53,90-100%,True Positive
95,1.0,0.0187,0,0,1,2026-05-15 21:28:53,0-10%,True Negative
96,237.26,0.9914,1,1,1,2026-05-15 21:28:53,90-100%,True Positive
97,11.99,0.03,0,0,1,2026-05-15 21:28:53,0-10%,True Negative
98,19.02,0.9969,1,1,1,2026-05-15 21:28:53,90-100%,True Positive
99,99.99,0.9997,1,1,1,2026-05-15 21:28:53,90-100%,True Positive
100,49.16,0.0707,0,0,1,2026-05-15 21:28:53,0-10%,True Negative
101,12.31,0.1068,0,0,1,2026-05-15 21:28:53,10-30%,True Negative
102,186.13,0.9994,1,1,1,2026-05-15 21:28:53,90-100%,True Positive
103,63.22,0.1036,0,0,1,2026-05-15 21:28:53,10-30%,True Negative
104,1.0,0.9834,1,1,1,2026-05-15 21:28:53,90-100%,True Positive
105,29.0,0.0259,0,0,1,2026-05-15 21:28:54,0-10%,True Negative
106,0.77,0.026,0,0,1,2026-05-15 21:28:54,0-10%,True Negative
107,60.0,0.0249,0,0,1,2026-05-15 21:28:54,0-10%,True Negative
108,112.75,0.0335,0,0,1,2026-05-15 21:28:54,0-10%,True Negative
109,99.99,0.9997,1,1,1,2026-05-15 21:28:54,90-100%,True Positive
110,0.0,0.0677,0,0,1,2026-05-15 21:28:54,0-10%,True Negative
111,15.0,0.0046,0,0,1,2026-05-15 21:28:54,0-10%,True Negative
112,10.0,0.018,0,0,1,2026-05-15 21:28:54,0-10%,True Negative
113,294.54,0.0155,0,0,1,2026-05-15 21:28:54,0-10%,True Negative
114,98.23,0.0123,0,0,1,2026-05-15 21:28:54,0-10%,True Negative
115,0.0,0.9996,1,1,1,2026-05-15 21:28:54,90-100%,True Positive
116,1.1,0.9889,1,1,1,2026-05-15 21:28:54,90-100%,True Positive
117,153.46,0.9997,1,1,1,2026-05-15 21:28:54,90-100%,True Positive
118,4.0,0.4048,0,0,1,2026-05-15 21:28:54,30-50%,True Negative
119,7.99,0.0269,0,0,1,2026-05-15 21:28:55,0-10%,True Negative
120,75.86,0.9996,1,1,1,2026-05-15 21:28:55,90-100%,True Positive
121,89.93,0.0064,0,0,1,2026-05-15 21:28:55,0-10%,True Negative
122,1.59,0.9995,1,1,1,2026-05-15 21:28:55,90-100%,True Positive
123,1.0,0.0289,0,0,1,2026-05-15 21:28:55,0-10%,True Negative
124,60.0,0.9737,1,1,1,2026-05-15 21:28:55,90-100%,True Positive
125,0.76,0.7807,1,1,1,2026-05-15 21:28:55,70-90%,True Positive
126,11.71,0.1659,0,0,1,2026-05-15 21:28:55,10-30%,True Negative
127,20.5,0.0315,0,0,1,2026-05-15 21:28:55,0-10%,True Negative
128,1.0,0.9997,1,1,1,2026-05-15 21:28:55,90-100%,True Positive
129,5.05,0.0186,0,0,1,2026-05-15 21:28:55,0-10%,True Negative
130,59.95,0.007,0,0,1,2026-05-15 21:28:55,0-10%,True Negative
131,15.98,0.0108,0,0,1,2026-05-15 21:28:55,0-10%,True Negative
132,1.99,0.0036,0,0,1,2026-05-15 21:28:55,0-10%,True Negative
133,0.0,0.9997,1,1,1,2026-05-15 21:28:55,90-100%,True Positive
134,3.5,0.0326,0,0,1,2026-05-15 21:28:56,0-10%,True Negative
135,0.77,0.0206,0,0,1,2026-05-15 21:28:56,0-10%,True Negative
136,1.0,0.9996,1,1,1,2026-05-15 21:28:56,90-100%,True Positive
137,459.07,0.9994,1,1,1,2026-05-15 21:28:56,90-100%,True Positive
138,0.0,0.9721,1,1,1,2026-05-15 21:28:56,90-100%,True Positive
139,1.0,0.9996,1,1,1,2026-05-15 21:28:56,90-100%,True Positive
140,99.99,0.9997,1,1,1,2026-05-15 21:28:56,90-100%,True Positive
141,1218.89,0.9896,1,1,1,2026-05-15 21:28:56,90-100%,True Positive
142,99.85,0.9997,1,1,1,2026-05-15 21:28:56,90-100%,True Positive
143,7.99,0.0095,0,0,1,2026-05-15 21:28:56,0-10%,True Negative
144,451.27,0.8537,1,1,1,2026-05-15 21:28:56,70-90%,True Positive
145,71.38,0.0134,0,0,1,2026-05-15 21:28:56,0-10%,True Negative
146,2.29,0.0116,0,0,1,2026-05-15 21:28:56,0-10%,True Negative
147,10.0,0.0169,0,0,1,2026-05-15 21:28:56,0-10%,True Negative
148,30.14,0.7477,1,1,1,2026-05-15 21:28:57,70-90%,True Positive
149,0.0,0.0078,0,0,1,2026-05-15 21:28:57,0-10%,True Negative
150,33.76,0.6103,1,1,1,2026-05-15 21:28:57,50-70%,True Positive
151,72.6,0.0156,0,0,1,2026-05-15 21:28:57,0-10%,True Negative
152,0.76,0.9996,1,1,1,2026-05-15 21:28:57,90-100%,True Positive
153,5.38,0.1734,0,0,1,2026-05-15 21:28:57,10-30%,True Negative
154,122.68,0.9996,1,1,1,2026-05-15 21:28:57,90-100%,True Positive
155,22.0,0.0097,0,0,1,2026-05-15 21:28:57,0-10%,True Negative
156,7.06,0.9713,1,1,1,2026-05-15 21:28:57,90-100%,True Positive
157,104.03,0.9997,1,1,1,2026-05-15 21:28:57,90-100%,True Positive
158,49.99,0.1512,0,0,1,2026-05-15 21:28:57,10-30%,True Negative
159,3.76,0.9711,1,1,1,2026-05-15 21:28:57,90-100%,True Positive
160,22.5,0.0062,0,0,1,2026-05-15 21:28:57,0-10%,True Negative
161,94.29,0.0608,0,0,1,2026-05-15 21:28:57,0-10%,True Negative
162,18.56,0.0247,0,0,1,2026-05-15 21:28:58,0-10%,True Negative
163,20.39,0.0114,0,0,1,2026-05-15 21:28:58,0-10%,True Negative
164,114.02,0.0654,0,0,1,2026-05-15 21:28:58,0-10%,True Negative
165,6.89,0.0195,0,0,1,2026-05-15 21:28:58,0-10%,True Negative
166,440.2,0.0174,0,0,1,2026-05-15 21:28:58,0-10%,True Negative
167,44.9,0.9997,1,1,1,2026-05-15 21:28:58,90-100%,True Positive
168,0.76,0.066,0,0,1,2026-05-15 21:28:58,0-10%,True Negative
169,11.4,0.9996,1,1,1,2026-05-15 21:28:58,90-100%,True Positive
170,1.0,0.9997,1,1,1,2026-05-15 21:28:58,90-100%,True Positive
171,2125.87,0.8583,1,1,1,2026-05-15 21:28:58,70-90%,True Positive
172,0.38,0.999,1,1,1,2026-05-15 21:28:58,90-100%,True Positive
173,112.33,0.9997,1,1,1,2026-05-15 21:28:58,90-100%,True Positive
174,68.89,0.0066,0,0,1,2026-05-15 21:28:58,0-10%,True Negative
175,349.08,0.9984,1,1,1,2026-05-15 21:28:58,90-100%,True Positive
176,45.51,0.9997,1,1,1,2026-05-15 21:28:58,90-100%,True Positive
177,1.0,0.926,1,1,1,2026-05-15 21:28:59,90-100%,True Positive
178,106.9,0.9996,1,1,1,2026-05-15 21:28:59,90-100%,True Positive
179,0.0,0.0155,0,0,1,2026-05-15 21:28:59,0-10%,True Negative
180,40.72,0.0122,0,0,1,2026-05-15 21:28:59,0-10%,True Negative
181,15.0,0.0153,0,0,1,2026-05-15 21:28:59,0-10%,True Negative
182,118.66,0.0442,0,0,1,2026-05-15 21:28:59,0-10%,True Negative
183,2.0,0.9995,1,1,1,2026-05-15 21:28:59,90-100%,True Positive
184,16.3,0.0357,0,0,1,2026-05-15 21:28:59,0-10%,True Negative
185,16.88,0.0716,0,0,1,2026-05-15 21:28:59,0-10%,True Negative
186,99.99,0.9996,1,1,1,2026-05-15 21:28:59,90-100%,True Positive
187,635.1,0.2261,0,1,0,2026-05-15 21:28:59,10-30%,False Negative
188,3.22,0.7293,1,1,1,2026-05-15 21:28:59,70-90%,True Positive
189,2.99,0.019,0,0,1,2026-05-15 21:28:59,0-10%,True Negative
190,467.5,0.0764,0,0,1,2026-05-15 21:28:59,0-10%,True Negative
191,1090.4,0.1228,0,0,1,2026-05-15 21:28:59,10-30%,True Negative
192,1.56,0.0603,0,0,1,2026-05-15 21:29:00,0-10%,True Negative
193,1.79,0.003,0,0,1,2026-05-15 21:29:00,0-10%,True Negative
194,18.98,0.9976,1,1,1,2026-05-15 21:29:00,90-100%,True Positive
195,1.0,0.9991,1,1,1,2026-05-15 21:29:00,90-100%,True Positive
196,2.0,0.9989,1,1,1,2026-05-15 21:29:00,90-100%,True Positive
197,0.76,0.9943,1,1,1,2026-05-15 21:29:00,90-100%,True Positive
198,1.0,0.9835,1,1,1,2026-05-15 21:29:00,90-100%,True Positive
199,120.0,0.023,0,0,1,2026-05-15 21:29:00,0-10%,True Negative
200,99.99,0.9997,1,1,1,2026-05-15 21:29:00,90-100%,True Positive
201,1.0,0.998,1,1,1,2026-05-15 21:29:00,90-100%,True Positive
202,11.76,0.2553,0,0,1,2026-05-15 21:29:00,10-30%,True Negative
203,84.0,0.0298,0,0,1,2026-05-15 21:29:00,0-10%,True Negative
204,1.29,0.0115,0,0,1,2026-05-15 21:29:00,0-10%,True Negative
205,5.49,0.0071,0,0,1,2026-05-15 21:29:00,0-10%,True Negative
206,285.55,0.0874,0,0,1,2026-05-15 21:29:00,0-10%,True Negative
207,99.99,0.9997,1,1,1,2026-05-15 21:29:01,90-100%,True Positive
208,1.4,0.0098,0,0,1,2026-05-15 21:29:01,0-10%,True Negative
209,57.0,0.0805,0,0,1,2026-05-15 21:29:01,0-10%,True Negative
210,1.29,0.0153,0,0,1,2026-05-15 21:29:01,0-10%,True Negative
211,99.99,0.9997,1,1,1,2026-05-15 21:29:01,90-100%,True Positive
212,1.0,0.9973,1,1,1,2026-05-15 21:29:01,90-100%,True Positive
213,11.5,0.0164,0,0,1,2026-05-15 21:29:01,0-10%,True Negative
214,7.69,0.0291,0,0,1,2026-05-15 21:29:01,0-10%,True Negative
215,43.92,0.0481,0,0,1,2026-05-15 21:29:01,0-10%,True Negative
216,1.0,0.9996,1,1,1,2026-05-15 21:29:01,90-100%,True Positive
217,57.01,0.0136,0,0,1,2026-05-15 21:29:01,0-10%,True Negative
218,219.8,0.9996,1,1,1,2026-05-15 21:29:01,90-100%,True Positive
219,17.5,0.007,0,0,1,2026-05-15 21:29:01,0-10%,True Negative
220,189.03,0.0243,0,0,1,2026-05-15 21:29:01,0-10%,True Negative
221,188.52,0.9997,1,1,1,2026-05-15 21:29:01,90-100%,True Positive
222,150.0,0.0229,0,0,1,2026-05-15 21:29:02,0-10%,True Negative
223,101.65,0.1637,0,0,1,2026-05-15 21:29:02,10-30%,True Negative
224,1.0,0.9996,1,1,1,2026-05-15 21:29:02,90-100%,True Positive
225,1.29,0.0119,0,0,1,2026-05-15 21:29:02,0-10%,True Negative
226,239.93,0.909,1,1,1,2026-05-15 21:29:02,90-100%,True Positive
227,0.99,0.0123,0,0,1,2026-05-15 21:29:02,0-10%,True Negative
228,0.0,0.9996,1,1,1,2026-05-15 21:29:02,90-100%,True Positive
229,4.99,0.0501,0,0,1,2026-05-15 21:29:02,0-10%,True Negative
230,79.0,0.0599,0,0,1,2026-05-15 21:29:02,0-10%,True Negative
231,346.94,0.9996,1,1,1,2026-05-15 21:29:02,90-100%,True Positive
232,12.0,0.2004,0,0,1,2026-05-15 21:29:02,10-30%,True Negative
233,12.31,0.9248,1,1,1,2026-05-15 21:29:02,90-100%,True Positive
234,69.99,0.021,0,0,1,2026-05-15 21:29:02,0-10%,True Negative
235,1.0,0.9996,1,1,1,2026-05-15 21:29:02,90-100%,True Positive
236,30.39,0.9997,1,1,1,2026-05-15 21:29:02,90-100%,True Positive
237,19.59,0.4128,0,1,0,2026-05-15 21:29:03,30-50%,False Negative
238,1.29,0.0027,0,0,1,2026-05-15 21:29:03,0-10%,True Negative
239,1.0,0.954,1,1,1,2026-05-15 21:29:03,90-100%,True Positive
240,1.0,0.9971,1,1,1,2026-05-15 21:29:03,90-100%,True Positive
241,59.0,0.9393,1,1,1,2026-05-15 21:29:03,90-100%,True Positive
242,101.5,0.9994,1,1,1,2026-05-15 21:29:03,90-100%,True Positive
243,10.74,0.0129,0,0,1,2026-05-15 21:29:03,0-10%,True Negative
244,114.12,0.1076,0,0,1,2026-05-15 21:29:03,10-30%,True Negative
245,30.31,0.9997,1,1,1,2026-05-15 21:29:03,90-100%,True Positive
246,0.76,0.9997,1,1,1,2026-05-15 21:29:03,90-100%,True Positive
247,0.0,0.9989,1,1,1,2026-05-15 21:29:03,90-100%,True Positive
248,99.99,0.9997,1,1,1,2026-05-15 21:29:03,90-100%,True Positive
249,30.3,0.948,1,1,1,2026-05-15 21:29:03,90-100%,True Positive
250,38.76,0.986,1,1,1,2026-05-15 21:29:03,90-100%,True Positive
251,0.68,0.9939,1,1,1,2026-05-15 21:29:04,90-100%,True Positive
252,8.49,0.007,0,0,1,2026-05-15 21:29:04,0-10%,True Negative
253,0.99,0.0131,0,0,1,2026-05-15 21:29:04,0-10%,True Negative
254,2.49,0.0134,0,0,1,2026-05-15 21:29:04,0-10%,True Negative
255,120.54,0.9796,1,1,1,2026-05-15 21:29:04,90-100%,True Positive
256,1.63,0.9996,1,1,1,2026-05-15 21:29:04,90-100%,True Positive
257,136.0,0.0098,0,0,1,2026-05-15 21:29:04,0-10%,True Negative
258,21.44,0.0332,0,0,1,2026-05-15 21:29:04,0-10%,True Negative
259,59.99,0.1194,0,0,1,2026-05-15 21:29:04,10-30%,True Negative
260,1.0,0.9994,1,1,1,2026-05-15 21:29:04,90-100%,True Positive
261,484.0,0.0567,0,0,1,2026-05-15 21:29:04,0-10%,True Negative
262,0.77,0.9996,1,1,1,2026-05-15 21:29:04,90-100%,True Positive
263,9.13,0.9997,1,1,1,2026-05-15 21:29:04,90-100%,True Positive
264,0.0,0.9997,1,1,1,2026-05-15 21:29:04,90-100%,True Positive
265,65.0,0.9996,1,1,1,2026-05-15 21:29:04,90-100%,True Positive
266,0.89,0.0587,0,0,1,2026-05-15 21:29:05,0-10%,True Negative
267,74.95,0.0048,0,0,1,2026-05-15 21:29:05,0-10%,True Negative
268,276.17,0.9075,1,1,1,2026-05-15 21:29:05,90-100%,True Positive
269,8.99,0.0093,0,0,1,2026-05-15 21:29:05,0-10%,True Negative
270,723.21,0.933,1,1,1,2026-05-15 21:29:05,90-100%,True Positive
271,245.0,0.9995,1,1,1,2026-05-15 21:29:05,90-100%,True Positive
272,88.23,0.9997,1,1,1,2026-05-15 21:29:05,90-100%,True Positive
273,1.5,0.0105,0,0,1,2026-05-15 21:29:05,0-10%,True Negative
274,254.76,0.9997,1,1,1,2026-05-15 21:29:05,90-100%,True Positive
275,30.39,0.1198,0,0,1,2026-05-15 21:29:05,10-30%,True Negative
276,1.0,0.9996,1,1,1,2026-05-15 21:29:05,90-100%,True Positive
277,113.92,0.9996,1,1,1,2026-05-15 21:29:05,90-100%,True Positive
278,1.0,0.0524,0,0,1,2026-05-15 21:29:05,0-10%,True Negative
279,0.68,0.99,1,1,1,2026-05-15 21:29:05,90-100%,True Positive
280,44.0,0.0087,0,0,1,2026-05-15 21:29:06,0-10%,True Negative
281,16.53,0.0086,0,0,1,2026-05-15 21:29:06,0-10%,True Negative
282,1.46,0.008,0,0,1,2026-05-15 21:29:06,0-10%,True Negative
283,238.9,0.9995,1,1,1,2026-05-15 21:29:06,90-100%,True Positive
284,261.22,0.8382,1,1,1,2026-05-15 21:29:06,70-90%,True Positive
285,290.18,0.6486,1,1,1,2026-05-15 21:29:06,50-70%,True Positive
286,69.99,0.0396,0,0,1,2026-05-15 21:29:06,0-10%,True Negative
287,105.89,0.9867,1,1,1,2026-05-15 21:29:06,90-100%,True Positive
288,247.86,0.9854,1,1,1,2026-05-15 21:29:06,90-100%,True Positive
289,1.0,0.9996,1,1,1,2026-05-15 21:29:06,90-100%,True Positive
290,14.38,0.0043,0,0,1,2026-05-15 21:29:06,0-10%,True Negative
291,45.0,0.0425,0,0,1,2026-05-15 21:29:06,0-10%,True Negative
292,100.0,0.0105,0,0,1,2026-05-15 21:29:06,0-10%,True Negative
293,11.85,0.023,0,0,1,2026-05-15 21:29:06,0-10%,True Negative
294,0.77,0.9995,1,1,1,2026-05-15 21:29:06,90-100%,True Positive
295,11.0,0.9993,1,1,1,2026-05-15 21:29:07,90-100%,True Positive
296,4.97,0.9995,1,1,1,2026-05-15 21:29:07,90-100%,True Positive
297,7.94,0.0084,0,0,1,2026-05-15 21:29:07,0-10%,True Negative
298,0.76,0.9997,1,1,1,2026-05-15 21:29:07,90-100%,True Positive
299,1.0,0.9986,1,1,1,2026-05-15 21:29:07,90-100%,True Positive
300,1.0,0.7881,1,1,1,2026-05-15 21:29:07,70-90%,True Positive
301,30.0,0.0088,0,0,1,2026-05-15 21:29:07,0-10%,True Negative
302,0.01,0.9997,1,1,1,2026-05-15 21:29:07,90-100%,True Positive
303,0.0,0.7507,1,1,1,2026-05-15 21:29:07,70-90%,True Positive
304,996.27,0.9854,1,1,1,2026-05-15 21:29:07,90-100%,True Positive
305,71.39,0.028,0,0,1,2026-05-15 21:29:07,0-10%,True Negative
306,194.0,0.0116,0,0,1,2026-05-15 21:29:07,0-10%,True Negative
307,0.92,0.908,1,1,1,2026-05-15 21:29:07,90-100%,True Positive
308,18.31,0.0825,0,0,1,2026-05-15 21:29:07,0-10%,True Negative
309,0.01,0.0323,0,0,1,2026-05-15 21:29:08,0-10%,True Negative
310,1.98,0.017,0,0,1,2026-05-15 21:29:08,0-10%,True Negative
311,24.18,0.0268,0,0,1,2026-05-15 21:29:08,0-10%,True Negative
312,3.59,0.0661,0,0,1,2026-05-15 21:29:08,0-10%,True Negative
313,59.15,0.1061,0,0,1,2026-05-15 21:29:08,10-30%,True Negative
314,45.81,0.033,0,0,1,2026-05-15 21:29:08,0-10%,True Negative
315,357.95,0.9051,1,1,1,2026-05-15 21:29:08,90-100%,True Positive
316,1504.93,0.9973,1,1,1,2026-05-15 21:29:08,90-100%,True Positive
317,1.0,0.9996,1,1,1,2026-05-15 21:29:08,90-100%,True Positive
318,1.0,0.0677,0,1,0,2026-05-15 21:29:08,0-10%,False Negative
319,1.52,0.1787,0,0,1,2026-05-15 21:29:08,10-30%,True Negative
320,294.9,0.9997,1,1,1,2026-05-15 21:29:08,90-100%,True Positive
321,99.99,0.9997,1,1,1,2026-05-15 21:29:08,90-100%,True Positive
322,1.0,0.9997,1,1,1,2026-05-15 21:29:08,90-100%,True Positive
323,78.0,0.9997,1,1,1,2026-05-15 21:29:08,90-100%,True Positive
324,9.8,0.0199,0,0,1,2026-05-15 21:29:08,0-10%,True Negative
325,1065.62,0.019,0,0,1,2026-05-15 21:29:08,0-10%,True Negative
326,9.99,0.0028,0,0,1,2026-05-15 21:29:09,0-10%,True Negative
327,0.01,0.9985,1,1,1,2026-05-15 21:29:09,90-100%,True Positive
328,19.95,0.5415,1,1,1,2026-05-15 21:29:09,50-70%,True Positive
329,7.9,0.0409,0,0,1,2026-05-15 21:29:09,0-10%,True Negative
330,39.45,0.9996,1,1,1,2026-05-15 21:29:09,90-100%,True Positive
331,6.96,0.0082,0,0,1,2026-05-15 21:29:09,0-10%,True Negative
332,1.0,0.9996,1,1,1,2026-05-15 21:29:09,90-100%,True Positive
333,982.11,0.0526,0,0,1,2026-05-15 21:29:09,0-10%,True Negative
334,149.15,0.0129,0,0,1,2026-05-15 21:29:09,0-10%,True Negative
335,0.0,0.7334,1,1,1,2026-05-15 21:29:09,70-90%,True Positive
336,1.0,0.9996,1,1,1,2026-05-15 21:29:09,90-100%,True Positive
337,1.15,0.0527,0,0,1,2026-05-15 21:29:09,0-10%,True Negative
338,11.85,0.0132,0,0,1,2026-05-15 21:29:09,0-10%,True Negative
339,144.01,0.0134,0,0,1,2026-05-15 21:29:09,0-10%,True Negative
340,52.0,0.005,0,0,1,2026-05-15 21:29:09,0-10%,True Negative
341,0.77,0.9996,1,1,1,2026-05-15 21:29:10,90-100%,True Positive
342,4.49,0.045,0,1,0,2026-05-15 21:29:10,0-10%,False Negative
343,1.18,0.2862,0,1,0,2026-05-15 21:29:10,10-30%,False Negative
344,37.32,0.9997,1,1,1,2026-05-15 21:29:10,90-100%,True Positive
345,0.01,0.999,1,1,1,2026-05-15 21:29:10,90-100%,True Positive
346,94.82,0.9996,1,1,1,2026-05-15 21:29:10,90-100%,True Positive
347,1.29,0.0096,0,0,1,2026-05-15 21:29:10,0-10%,True Negative
348,105.0,0.0213,0,0,1,2026-05-15 21:29:10,0-10%,True Negative
349,18.96,0.9995,1,1,1,2026-05-15 21:29:10,90-100%,True Positive
350,54.99,0.1214,0,0,1,2026-05-15 21:29:10,10-30%,True Negative
351,130.44,0.9997,1,1,1,2026-05-15 21:29:10,90-100%,True Positive
352,252.92,0.9997,1,1,1,2026-05-15 21:29:10,90-100%,True Positive
353,8.36,0.025,0,0,1,2026-05-15 21:29:10,0-10%,True Negative
354,99.99,0.9997,1,1,1,2026-05-15 21:29:10,90-100%,True Positive
355,18.0,0.9987,1,1,1,2026-05-15 21:29:11,90-100%,True Positive
356,106.55,0.9997,1,1,1,2026-05-15 21:29:11,90-100%,True Positive
357,316.06,0.9997,1,1,1,2026-05-15 21:29:11,90-100%,True Positive
358,1.59,0.9995,1,1,1,2026-05-15 21:29:11,90-100%,True Positive
359,33.59,0.9993,1,1,1,2026-05-15 21:29:11,90-100%,True Positive
360,648.0,0.9996,1,1,1,2026-05-15 21:29:11,90-100%,True Positive
361,0.0,0.9995,1,1,1,2026-05-15 21:29:11,90-100%,True Positive
362,12.6,0.0061,0,0,1,2026-05-15 21:29:11,0-10%,True Negative
363,172.32,0.9997,1,1,1,2026-05-15 21:29:11,90-100%,True Positive
364,51.37,0.9995,1,1,1,2026-05-15 21:29:11,90-100%,True Positive
365,99.99,0.9997,1,1,1,2026-05-15 21:29:11,90-100%,True Positive
366,1.0,0.9995,1,1,1,2026-05-15 21:29:11,90-100%,True Positive
367,30.0,0.0049,0,0,1,2026-05-15 21:29:11,0-10%,True Negative
368,1.75,0.9995,1,1,1,2026-05-15 21:29:11,90-100%,True Positive
369,925.31,0.9961,1,1,1,2026-05-15 21:29:12,90-100%,True Positive
370,35.89,0.0058,0,0,1,2026-05-15 21:29:12,0-10%,True Negative
371,519.9,0.2444,0,1,0,2026-05-15 21:29:12,10-30%,False Negative
372,173.66,0.0056,0,0,1,2026-05-15 21:29:12,0-10%,True Negative
373,1.0,0.9995,1,1,1,2026-05-15 21:29:12,90-100%,True Positive
374,8.0,0.9995,1,1,1,2026-05-15 21:29:12,90-100%,True Positive
375,1.0,0.9995,1,1,1,2026-05-15 21:29:12,90-100%,True Positive
376,71.65,0.0203,0,0,1,2026-05-15 21:29:12,0-10%,True Negative
377,127.14,0.9997,1,1,1,2026-05-15 21:29:12,90-100%,True Positive
378,23.36,0.9895,1,1,1,2026-05-15 21:29:12,90-100%,True Positive
379,50.0,0.0275,0,0,1,2026-05-15 21:29:12,0-10%,True Negative
380,8.7,0.0165,0,0,1,2026-05-15 21:29:12,0-10%,True Negative
381,426.4,0.9993,1,1,1,2026-05-15 21:29:12,90-100%,True Positive
382,204.27,0.9989,1,1,1,2026-05-15 21:29:12,90-100%,True Positive
383,1.0,0.004,0,0,1,2026-05-15 21:29:12,0-10%,True Negative
384,3.79,0.9789,1,1,1,2026-05-15 21:29:13,90-100%,True Positive
385,101.5,0.9984,1,1,1,2026-05-15 21:29:13,90-100%,True Positive
386,799.5,0.1191,0,0,1,2026-05-15 21:29:13,10-30%,True Negative
387,219.0,0.0979,0,0,1,2026-05-15 21:29:13,0-10%,True Negative
388,364.19,0.9896,1,1,1,2026-05-15 21:29:13,90-100%,True Positive
389,12.11,0.1544,0,0,1,2026-05-15 21:29:13,10-30%,True Negative
390,49.9,0.0067,0,0,1,2026-05-15 21:29:13,0-10%,True Negative
391,7.52,0.9997,1,1,1,2026-05-15 21:29:13,90-100%,True Positive
392,3.93,0.7559,1,1,1,2026-05-15 21:29:13,70-90%,True Positive
393,104.0,0.1006,0,0,1,2026-05-15 21:29:13,10-30%,True Negative
394,0.76,0.9992,1,1,1,2026-05-15 21:29:13,90-100%,True Positive
395,10.4,0.0227,0,0,1,2026-05-15 21:29:13,0-10%,True Negative
396,3.12,0.9435,1,1,1,2026-05-15 21:29:13,90-100%,True Positive
397,0.76,0.929,1,1,1,2026-05-15 21:29:13,90-100%,True Positive
398,1.0,0.9996,1,1,1,2026-05-15 21:29:13,90-100%,True Positive
399,29.99,0.0106,0,0,1,2026-05-15 21:29:13,0-10%,True Negative
400,10.49,0.2963,0,0,1,2026-05-15 21:29:14,10-30%,True Negative
401,1809.68,0.5584,1,1,1,2026-05-15 21:29:14,50-70%,True Positive
402,7.59,0.6952,1,1,1,2026-05-15 21:29:14,50-70%,True Positive
403,283.91,0.0656,0,0,1,2026-05-15 21:29:14,0-10%,True Negative
404,7.56,0.0293,0,0,1,2026-05-15 21:29:14,0-10%,True Negative
405,4.63,0.03,0,0,1,2026-05-15 21:29:14,0-10%,True Negative
406,4.6,0.011,0,0,1,2026-05-15 21:29:14,0-10%,True Negative
407,16.99,0.0123,0,0,1,2026-05-15 21:29:14,0-10%,True Negative
408,22.04,0.9974,1,1,1,2026-05-15 21:29:14,90-100%,True Positive
409,1.0,0.9996,1,1,1,2026-05-15 21:29:14,90-100%,True Positive
410,13.99,0.0239,0,0,1,2026-05-15 21:29:14,0-10%,True Negative
411,216.59,0.0088,0,0,1,2026-05-15 21:29:14,0-10%,True Negative
412,2.99,0.0366,0,0,1,2026-05-15 21:29:14,0-10%,True Negative
413,300.0,0.0172,0,0,1,2026-05-15 21:29:14,0-10%,True Negative
414,1.0,0.9997,1,1,1,2026-05-15 21:29:14,90-100%,True Positive
415,15.0,0.0333,0,0,1,2026-05-15 21:29:15,0-10%,True Negative
416,0.9,0.0204,0,0,1,2026-05-15 21:29:15,0-10%,True Negative
417,1.0,0.0193,0,0,1,2026-05-15 21:29:15,0-10%,True Negative
418,10.0,0.0594,0,0,1,2026-05-15 21:29:15,0-10%,True Negative
419,1.98,0.0193,0,0,1,2026-05-15 21:29:15,0-10%,True Negative
420,2.47,0.14,0,1,0,2026-05-15 21:29:15,10-30%,False Negative
421,1.0,0.9996,1,1,1,2026-05-15 21:29:15,90-100%,True Positive
422,1.79,0.0439,0,0,1,2026-05-15 21:29:15,0-10%,True Negative
423,39.9,0.9866,1,1,1,2026-05-15 21:29:15,90-100%,True Positive
424,1.98,0.0646,0,0,1,2026-05-15 21:29:15,0-10%,True Negative
425,2.0,0.9958,1,1,1,2026-05-15 21:29:15,90-100%,True Positive
426,25.0,0.9976,1,1,1,2026-05-15 21:29:15,90-100%,True Positive
427,0.68,0.999,1,1,1,2026-05-15 21:29:15,90-100%,True Positive
428,99.99,0.9997,1,1,1,2026-05-15 21:29:15,90-100%,True Positive
429,147.6,0.0133,0,0,1,2026-05-15 21:29:15,0-10%,True Negative
430,0.0,0.9997,1,1,1,2026-05-15 21:29:15,90-100%,True Positive
431,6.99,0.9486,1,1,1,2026-05-15 21:29:16,90-100%,True Positive
432,144.62,0.9994,1,1,1,2026-05-15 21:29:16,90-100%,True Positive
433,80.22,0.9994,1,1,1,2026-05-15 21:29:16,90-100%,True Positive
434,6.74,0.9997,1,1,1,2026-05-15 21:29:16,90-100%,True Positive
435,1.0,0.9997,1,1,1,2026-05-15 21:29:16,90-100%,True Positive
436,1.0,0.9994,1,1,1,2026-05-15 21:29:16,90-100%,True Positive
437,311.91,0.9199,1,1,1,2026-05-15 21:29:16,90-100%,True Positive
438,67.9,0.9995,1,1,1,2026-05-15 21:29:16,90-100%,True Positive
439,2.69,0.004,0,0,1,2026-05-15 21:29:16,0-10%,True Negative
440,3.96,0.0051,0,0,1,2026-05-15 21:29:16,0-10%,True Negative
441,549.06,0.7448,1,1,1,2026-05-15 21:29:16,70-90%,True Positive
442,55.54,0.0554,0,0,1,2026-05-15 21:29:16,0-10%,True Negative
443,3.05,0.0281,0,0,1,2026-05-15 21:29:16,0-10%,True Negative
444,96.0,0.0147,0,0,1,2026-05-15 21:29:16,0-10%,True Negative
445,33.45,0.0055,0,0,1,2026-05-15 21:29:16,0-10%,True Negative
446,156.5,0.0663,0,0,1,2026-05-15 21:29:17,0-10%,True Negative
447,56.0,0.0132,0,0,1,2026-05-15 21:29:17,0-10%,True Negative
448,261.87,0.6249,1,1,1,2026-05-15 21:29:17,50-70%,True Positive
449,8.99,0.0093,0,0,1,2026-05-15 21:29:17,0-10%,True Negative
450,3.77,0.0704,0,0,1,2026-05-15 21:29:17,0-10%,True Negative
451,1.0,0.0279,0,0,1,2026-05-15 21:29:17,0-10%,True Negative
452,73.27,0.0985,0,0,1,2026-05-15 21:29:17,0-10%,True Negative
453,39.45,0.9995,1,1,1,2026-05-15 21:29:17,90-100%,True Positive
454,360.0,0.9976,1,1,1,2026-05-15 21:29:17,90-100%,True Positive
455,99.9,0.9997,1,1,1,2026-05-15 21:29:17,90-100%,True Positive
456,2.99,0.0137,0,0,1,2026-05-15 21:29:17,0-10%,True Negative
457,277.53,0.4958,0,0,1,2026-05-15 21:29:17,30-50%,True Negative
458,11.0,0.0169,0,0,1,2026-05-15 21:29:17,0-10%,True Negative
459,80.9,0.998,1,1,1,2026-05-15 21:29:17,90-100%,True Positive
460,1.0,0.9997,1,1,1,2026-05-15 21:29:17,90-100%,True Positive
461,99.99,0.9997,1,1,1,2026-05-15 21:29:17,90-100%,True Positive
462,88.23,0.9997,1,1,1,2026-05-15 21:29:18,90-100%,True Positive
463,350.0,0.0297,0,0,1,2026-05-15 21:29:18,0-10%,True Negative
464,3.56,0.0153,0,0,1,2026-05-15 21:29:18,0-10%,True Negative
465,345.0,0.9689,1,1,1,2026-05-15 21:29:18,90-100%,True Positive
466,1.0,0.9296,1,1,1,2026-05-15 21:29:18,90-100%,True Positive
467,5.3,0.9997,1,1,1,2026-05-15 21:29:18,90-100%,True Positive
468,1.18,0.9996,1,1,1,2026-05-15 21:29:18,90-100%,True Positive
469,19.5,0.0038,0,0,1,2026-05-15 21:29:18,0-10%,True Negative
470,0.77,0.9996,1,1,1,2026-05-15 21:29:18,90-100%,True Positive
471,144.8,0.9996,1,1,1,2026-05-15 21:29:18,90-100%,True Positive
472,19.02,0.9997,1,1,1,2026-05-15 21:29:18,90-100%,True Positive
473,1.0,0.0056,0,0,1,2026-05-15 21:29:18,0-10%,True Negative
474,1.52,0.5603,1,1,1,2026-05-15 21:29:18,50-70%,True Positive
475,147.87,0.9993,1,1,1,2026-05-15 21:29:18,90-100%,True Positive
476,302.54,0.0422,0,0,1,2026-05-15 21:29:18,0-10%,True Negative
477,19.95,0.0119,0,0,1,2026-05-15 21:29:19,0-10%,True Negative
478,1.29,0.0174,0,0,1,2026-05-15 21:29:19,0-10%,True Negative
479,48.95,0.0124,0,0,1,2026-05-15 21:29:19,0-10%,True Negative
480,14.95,0.0127,0,0,1,2026-05-15 21:29:19,0-10%,True Negative
481,16.88,0.0134,0,0,1,2026-05-15 21:29:19,0-10%,True Negative
482,60.6,0.9994,1,1,1,2026-05-15 21:29:19,90-100%,True Positive
483,1.0,0.9989,1,1,1,2026-05-15 21:29:19,90-100%,True Positive
484,22.47,0.8834,1,1,1,2026-05-15 21:29:19,70-90%,True Positive
485,21.1,0.0373,0,0,1,2026-05-15 21:29:19,0-10%,True Negative
486,766.36,0.9997,1,1,1,2026-05-15 21:29:19,90-100%,True Positive
487,1.0,0.9997,1,1,1,2026-05-15 21:29:19,90-100%,True Positive
488,9.82,0.9987,1,1,1,2026-05-15 21:29:19,90-100%,True Positive
489,99.99,0.9997,1,1,1,2026-05-15 21:29:19,90-100%,True Positive
490,43.89,0.0101,0,0,1,2026-05-15 21:29:19,0-10%,True Negative
491,797.47,0.0249,0,0,1,2026-05-15 21:29:19,0-10%,True Negative
492,1.0,0.0132,0,0,1,2026-05-15 21:29:19,0-10%,True Negative
493,8.99,0.0104,0,0,1,2026-05-15 21:29:19,0-10%,True Negative
494,111.7,0.9997,1,1,1,2026-05-15 21:29:19,90-100%,True Positive
495,0.0,0.9879,1,1,1,2026-05-15 21:29:19,90-100%,True Positive
496,1.0,0.9996,1,1,1,2026-05-15 21:29:20,90-100%,True Positive
497,1.0,0.9997,1,1,1,2026-05-15 21:29:20,90-100%,True Positive
498,0.0,0.9997,1,1,1,2026-05-15 21:29:20,90-100%,True Positive
499,30.0,0.1042,0,0,1,2026-05-15 21:29:20,10-30%,True Negative
500,50.0,0.0193,0,0,1,2026-05-15 21:29:20,0-10%,True Negative
501,119.35,0.0274,0,0,1,2026-05-15 21:29:20,0-10%,True Negative
502,1.79,0.0539,0,1,0,2026-05-15 21:29:20,0-10%,False Negative
503,727.91,0.9994,1,1,1,2026-05-15 21:29:20,90-100%,True Positive
504,6.99,0.0106,0,0,1,2026-05-15 21:29:20,0-10%,True Negative
505,65.86,0.0365,0,0,1,2026-05-15 21:29:20,0-10%,True Negative
506,5.57,0.014,0,0,1,2026-05-15 21:29:20,0-10%,True Negative
507,1.79,0.0065,0,0,1,2026-05-15 21:29:20,0-10%,True Negative
508,1.0,0.9857,1,1,1,2026-05-15 21:29:20,90-100%,True Positive
509,5.99,0.0089,0,0,1,2026-05-15 21:29:20,0-10%,True Negative
510,8.99,0.0047,0,0,1,2026-05-15 21:29:20,0-10%,True Negative
511,1.0,0.9921,1,1,1,2026-05-15 21:29:20,90-100%,True Positive
512,114.98,0.007,0,0,1,2026-05-15 21:29:20,0-10%,True Negative
513,2.28,0.9996,1,1,1,2026-05-15 21:29:21,90-100%,True Positive
514,1.0,0.9996,1,1,1,2026-05-15 21:29:21,90-100%,True Positive
515,1.63,0.9997,1,1,1,2026-05-15 21:29:21,90-100%,True Positive
516,43.48,0.0069,0,0,1,2026-05-15 21:29:21,0-10%,True Negative
517,489.71,0.9993,1,1,1,2026-05-15 21:29:21,90-100%,True Positive
518,0.83,0.9997,1,1,1,2026-05-15 21:29:21,90-100%,True Positive
519,281.34,0.1636,0,0,1,2026-05-15 21:29:21,10-30%,True Negative
520,1.0,0.9996,1,1,1,2026-05-15 21:29:21,90-100%,True Positive
521,17.06,0.9994,1,1,1,2026-05-15 21:29:21,90-100%,True Positive
522,1.0,0.0153,0,0,1,2026-05-15 21:29:21,0-10%,True Negative
523,46.0,0.0313,0,0,1,2026-05-15 21:29:21,0-10%,True Negative
524,104.0,0.9997,1,1,1,2026-05-15 21:29:21,90-100%,True Positive
525,1.0,0.9713,1,1,1,2026-05-15 21:29:21,90-100%,True Positive
526,61.47,0.0801,0,0,1,2026-05-15 21:29:21,0-10%,True Negative
527,20.0,0.0251,0,0,1,2026-05-15 21:29:22,0-10%,True Negative
528,454.82,0.9993,1,1,1,2026-05-15 21:29:22,90-100%,True Positive
529,93.0,0.0155,0,0,1,2026-05-15 21:29:22,0-10%,True Negative
530,0.76,0.9009,1,1,1,2026-05-15 21:29:22,90-100%,True Positive
531,39.28,0.0323,0,0,1,2026-05-15 21:29:22,0-10%,True Negative
532,99.99,0.9997,1,1,1,2026-05-15 21:29:22,90-100%,True Positive
533,1.0,0.0103,0,0,1,2026-05-15 21:29:22,0-10%,True Negative
534,9.21,0.962,1,1,1,2026-05-15 21:29:22,90-100%,True Positive
535,46.65,0.0357,0,0,1,2026-05-15 21:29:22,0-10%,True Negative
536,17.39,0.9588,1,1,1,2026-05-15 21:29:22,90-100%,True Positive
537,1.0,0.9991,1,1,1,2026-05-15 21:29:22,90-100%,True Positive
538,730.86,0.9965,1,1,1,2026-05-15 21:29:22,90-100%,True Positive
539,45.47,0.0125,0,0,1,2026-05-15 21:29:22,0-10%,True Negative
540,1.0,0.9997,1,1,1,2026-05-15 21:29:22,90-100%,True Positive
541,0.01,0.9997,1,1,1,2026-05-15 21:29:22,90-100%,True Positive
542,2.0,0.9993,1,1,1,2026-05-15 21:29:22,90-100%,True Positive
543,824.83,0.9945,1,1,1,2026-05-15 21:29:22,90-100%,True Positive
544,390.0,0.9993,1,1,1,2026-05-15 21:29:22,90-100%,True Positive
545,1.52,0.9997,1,1,1,2026-05-15 21:29:23,90-100%,True Positive
546,43.8,0.0703,0,0,1,2026-05-15 21:29:23,0-10%,True Negative
547,521.99,0.0254,0,0,1,2026-05-15 21:29:23,0-10%,True Negative
548,29.99,0.0091,0,0,1,2026-05-15 21:29:23,0-10%,True Negative
549,32.12,0.0032,0,0,1,2026-05-15 21:29:23,0-10%,True Negative
550,59.68,0.9997,1,1,1,2026-05-15 21:29:23,90-100%,True Positive
551,11.38,0.9997,1,1,1,2026-05-15 21:29:23,90-100%,True Positive
552,156.0,0.9991,1,1,1,2026-05-15 21:29:23,90-100%,True Positive
553,10.88,0.0116,0,0,1,2026-05-15 21:29:23,0-10%,True Negative
554,99.99,0.9893,1,1,1,2026-05-15 21:29:23,90-100%,True Positive
555,3.0,0.0082,0,0,1,2026-05-15 21:29:23,0-10%,True Negative
556,5.0,0.0137,0,0,1,2026-05-15 21:29:23,0-10%,True Negative
557,93.35,0.9962,1,1,1,2026-05-15 21:29:23,90-100%,True Positive
558,512.25,0.9997,1,1,1,2026-05-15 21:29:23,90-100%,True Positive
559,188.78,0.9996,1,1,1,2026-05-15 21:29:23,90-100%,True Positive
560,2.27,0.9987,1,1,1,2026-05-15 21:29:23,90-100%,True Positive
561,270.0,0.9995,1,1,1,2026-05-15 21:29:24,90-100%,True Positive
562,296.0,0.0115,0,0,1,2026-05-15 21:29:24,0-10%,True Negative
563,23.0,0.009,0,0,1,2026-05-15 21:29:24,0-10%,True Negative
564,10.0,0.0329,0,0,1,2026-05-15 21:29:24,0-10%,True Negative
565,1.0,0.998,1,1,1,2026-05-15 21:29:24,90-100%,True Positive
566,1.0,0.9997,1,1,1,2026-05-15 21:29:24,90-100%,True Positive
567,2.95,0.0392,0,0,1,2026-05-15 21:29:24,0-10%,True Negative
568,188.52,0.9997,1,1,1,2026-05-15 21:29:24,90-100%,True Positive
569,2.28,0.9997,1,1,1,2026-05-15 21:29:24,90-100%,True Positive
570,14.99,0.0829,0,0,1,2026-05-15 21:29:24,0-10%,True Negative
571,1.0,0.0199,0,1,0,2026-05-15 21:29:24,0-10%,False Negative
572,173.07,0.9995,1,1,1,2026-05-15 21:29:24,90-100%,True Positive
573,33.4,0.039,0,0,1,2026-05-15 21:29:24,0-10%,True Negative
574,1.0,0.9996,1,1,1,2026-05-15 21:29:24,90-100%,True Positive
575,0.76,0.9997,1,1,1,2026-05-15 21:29:24,90-100%,True Positive
576,229.88,0.012,0,0,1,2026-05-15 21:29:25,0-10%,True Negative
577,1.0,0.999,1,1,1,2026-05-15 21:29:25,90-100%,True Positive
578,296.0,0.9968,1,1,1,2026-05-15 21:29:25,90-100%,True Positive
579,0.69,0.8775,1,1,1,2026-05-15 21:29:25,70-90%,True Positive
580,1.98,0.0134,0,0,1,2026-05-15 21:29:25,0-10%,True Negative
581,1.0,0.9996,1,1,1,2026-05-15 21:29:25,90-100%,True Positive
582,1.0,0.9997,1,1,1,2026-05-15 21:29:25,90-100%,True Positive
583,451.58,0.0114,0,0,1,2026-05-15 21:29:25,0-10%,True Negative
584,1.0,0.0724,0,0,1,2026-05-15 21:29:25,0-10%,True Negative
585,4.26,0.0132,0,0,1,2026-05-15 21:29:25,0-10%,True Negative
586,320.01,0.9996,1,1,1,2026-05-15 21:29:25,90-100%,True Positive
587,50.0,0.01,0,0,1,2026-05-15 21:29:25,0-10%,True Negative
588,24.9,0.0282,0,0,1,2026-05-15 21:29:25,0-10%,True Negative
589,11.39,0.3793,0,1,0,2026-05-15 21:29:25,30-50%,False Negative
590,112.45,0.9961,1,1,1,2026-05-15 21:29:25,90-100%,True Positive
591,29.95,0.0911,0,1,0,2026-05-15 21:29:25,0-10%,False Negative
592,5.0,0.0073,0,0,1,2026-05-15 21:29:25,0-10%,True Negative
593,5.84,0.0131,0,0,1,2026-05-15 21:29:26,0-10%,True Negative
594,1.0,0.1145,0,0,1,2026-05-15 21:29:26,10-30%,True Negative
595,1279.02,0.0615,0,0,1,2026-05-15 21:29:26,0-10%,True Negative
596,1.0,0.9995,1,1,1,2026-05-15 21:29:26,90-100%,True Positive
597,52.69,0.9996,1,1,1,2026-05-15 21:29:26,90-100%,True Positive
598,27.0,0.0077,0,0,1,2026-05-15 21:29:26,0-10%,True Negative
599,10.02,0.0644,0,0,1,2026-05-15 21:29:26,0-10%,True Negative
600,9.95,0.007,0,0,1,2026-05-15 21:29:26,0-10%,True Negative
601,1.0,0.9996,1,1,1,2026-05-15 21:29:26,90-100%,True Positive
602,0.76,0.9997,1,1,1,2026-05-15 21:29:26,90-100%,True Positive
603,571.48,0.929,1,1,1,2026-05-15 21:29:26,90-100%,True Positive
604,129.0,0.6653,1,1,1,2026-05-15 21:29:26,50-70%,True Positive
605,4.43,0.0504,0,0,1,2026-05-15 21:29:26,0-10%,True Negative
606,22.09,0.005,0,0,1,2026-05-15 21:29:26,0-10%,True Negative
607,1.0,0.9997,1,1,1,2026-05-15 21:29:26,90-100%,True Positive
608,83.38,0.9997,1,1,1,2026-05-15 21:29:27,90-100%,True Positive
609,96.0,0.018,0,0,1,2026-05-15 21:29:27,0-10%,True Negative
610,15.95,0.0158,0,0,1,2026-05-15 21:29:27,0-10%,True Negative
611,0.83,0.9997,1,1,1,2026-05-15 21:29:27,90-100%,True Positive
612,209.65,0.9997,1,1,1,2026-05-15 21:29:27,90-100%,True Positive
613,261.56,0.1159,0,0,1,2026-05-15 21:29:27,10-30%,True Negative
614,15.97,0.0255,0,0,1,2026-05-15 21:29:27,0-10%,True Negative
615,0.76,0.0637,0,0,1,2026-05-15 21:29:27,0-10%,True Negative
616,2.94,0.0827,0,0,1,2026-05-15 21:29:27,0-10%,True Negative
617,23.0,0.0077,0,0,1,2026-05-15 21:29:27,0-10%,True Negative
618,888.61,0.0136,0,0,1,2026-05-15 21:29:27,0-10%,True Negative
619,1.29,0.021,0,0,1,2026-05-15 21:29:27,0-10%,True Negative
620,1.0,0.9996,1,1,1,2026-05-15 21:29:27,90-100%,True Positive
621,357.2,0.0352,0,0,1,2026-05-15 21:29:27,0-10%,True Negative
622,7.58,0.8293,1,1,1,2026-05-15 21:29:27,70-90%,True Positive
623,72.81,0.033,0,0,1,2026-05-15 21:29:27,0-10%,True Negative
624,0.76,0.9994,1,1,1,2026-05-15 21:29:27,90-100%,True Positive
625,1.0,0.9994,1,1,1,2026-05-15 21:29:28,90-100%,True Positive
626,17.82,0.0273,0,0,1,2026-05-15 21:29:28,0-10%,True Negative
627,1.0,0.9996,1,1,1,2026-05-15 21:29:28,90-100%,True Positive
628,71.21,0.0565,0,0,1,2026-05-15 21:29:28,0-10%,True Negative
629,4.0,0.0021,0,0,1,2026-05-15 21:29:28,0-10%,True Negative
630,1.0,0.195,0,0,1,2026-05-15 21:29:28,10-30%,True Negative
631,16.18,0.0156,0,0,1,2026-05-15 21:29:28,0-10%,True Negative
632,39.98,0.9952,1,1,1,2026-05-15 21:29:28,90-100%,True Positive
633,1.18,0.9996,1,1,1,2026-05-15 21:29:28,90-100%,True Positive
634,85.25,0.0267,0,0,1,2026-05-15 21:29:28,0-10%,True Negative
635,1.0,0.01,0,0,1,2026-05-15 21:29:28,0-10%,True Negative
636,1.0,0.9996,1,1,1,2026-05-15 21:29:28,90-100%,True Positive
637,1.0,0.9981,1,1,1,2026-05-15 21:29:28,90-100%,True Positive
638,1.98,0.0062,0,0,1,2026-05-15 21:29:28,0-10%,True Negative
639,1.0,0.9556,1,1,1,2026-05-15 21:29:29,90-100%,True Positive
640,15.0,0.0306,0,0,1,2026-05-15 21:29:29,0-10%,True Negative
641,40.0,0.8293,1,1,1,2026-05-15 21:29:29,70-90%,True Positive
642,1.0,0.9996,1,1,1,2026-05-15 21:29:29,90-100%,True Positive
643,1.0,0.9997,1,1,1,2026-05-15 21:29:29,90-100%,True Positive
644,11.85,0.0082,0,0,1,2026-05-15 21:29:29,0-10%,True Negative
645,4.87,0.9993,1,1,1,2026-05-15 21:29:29,90-100%,True Positive
646,0.77,0.9983,1,1,1,2026-05-15 21:29:29,90-100%,True Positive
647,55.77,0.0168,0,0,1,2026-05-15 21:29:29,0-10%,True Negative
648,74.43,0.0161,0,0,1,2026-05-15 21:29:29,0-10%,True Negative
649,119.0,0.0267,0,0,1,2026-05-15 21:29:29,0-10%,True Negative
650,31.98,0.0146,0,0,1,2026-05-15 21:29:29,0-10%,True Negative
651,5.09,0.8887,1,1,1,2026-05-15 21:29:29,70-90%,True Positive
652,9.99,0.0036,0,0,1,2026-05-15 21:29:29,0-10%,True Negative
653,500.0,0.0537,0,0,1,2026-05-15 21:29:29,0-10%,True Negative
654,1.98,0.0077,0,0,1,2026-05-15 21:29:30,0-10%,True Negative
655,179.0,0.0891,0,0,1,2026-05-15 21:29:30,0-10%,True Negative
656,0.89,0.0067,0,0,1,2026-05-15 21:29:30,0-10%,True Negative
657,2.99,0.0172,0,0,1,2026-05-15 21:29:30,0-10%,True Negative
658,41.71,0.0684,0,0,1,2026-05-15 21:29:30,0-10%,True Negative
659,19.73,0.9991,1,1,1,2026-05-15 21:29:30,90-100%,True Positive
660,4.95,0.1021,0,0,1,2026-05-15 21:29:30,10-30%,True Negative
661,1.0,0.9996,1,1,1,2026-05-15 21:29:30,90-100%,True Positive
662,1.51,0.0483,0,0,1,2026-05-15 21:29:30,0-10%,True Negative
663,10.6,0.0225,0,0,1,2026-05-15 21:29:30,0-10%,True Negative
664,0.99,0.009,0,0,1,2026-05-15 21:29:30,0-10%,True Negative
665,3.79,0.9997,1,1,1,2026-05-15 21:29:30,90-100%,True Positive
666,1.0,0.9996,1,1,1,2026-05-15 21:29:30,90-100%,True Positive
667,45.77,0.0191,0,0,1,2026-05-15 21:29:30,0-10%,True Negative
668,776.83,0.9215,1,1,1,2026-05-15 21:29:30,90-100%,True Positive
669,8.0,0.8973,1,1,1,2026-05-15 21:29:30,70-90%,True Positive
670,0.77,0.9986,1,1,1,2026-05-15 21:29:31,90-100%,True Positive
671,29.31,0.0241,0,0,1,2026-05-15 21:29:31,0-10%,True Negative
672,675.49,0.0672,0,0,1,2026-05-15 21:29:31,0-10%,True Negative
673,1.0,0.0229,0,0,1,2026-05-15 21:29:31,0-10%,True Negative
674,512.65,0.0172,0,0,1,2026-05-15 21:29:31,0-10%,True Negative
675,30.26,0.9997,1,1,1,2026-05-15 21:29:31,90-100%,True Positive
676,1.0,0.9996,1,1,1,2026-05-15 21:29:31,90-100%,True Positive
677,105.99,0.811,1,1,1,2026-05-15 21:29:31,70-90%,True Positive
678,195.66,0.9987,1,1,1,2026-05-15 21:29:31,90-100%,True Positive
679,104.0,0.0055,0,0,1,2026-05-15 21:29:31,0-10%,True Negative
680,180.0,0.999,1,1,1,2026-05-15 21:29:31,90-100%,True Positive
681,127.69,0.0633,0,0,1,2026-05-15 21:29:31,0-10%,True Negative
682,26.9,0.0156,0,0,1,2026-05-15 21:29:31,0-10%,True Negative
683,12.95,0.0227,0,0,1,2026-05-15 21:29:31,0-10%,True Negative
684,1.0,0.9986,1,1,1,2026-05-15 21:29:31,90-100%,True Positive
685,272.65,0.0264,0,0,1,2026-05-15 21:29:31,0-10%,True Negative
686,1.0,0.9997,1,1,1,2026-05-15 21:29:31,90-100%,True Positive
687,0.76,0.9832,1,1,1,2026-05-15 21:29:32,90-100%,True Positive
688,104.99,0.0066,0,0,1,2026-05-15 21:29:32,0-10%,True Negative
689,1.0,0.9855,1,1,1,2026-05-15 21:29:32,90-100%,True Positive
690,78.0,0.9997,1,1,1,2026-05-15 21:29:32,90-100%,True Positive
691,29.99,0.0131,0,0,1,2026-05-15 21:29:32,0-10%,True Negative
692,63.0,0.0086,0,0,1,2026-05-15 21:29:32,0-10%,True Negative
693,1.0,0.0144,0,0,1,2026-05-15 21:29:32,0-10%,True Negative
694,0.45,0.1986,0,0,1,2026-05-15 21:29:32,10-30%,True Negative
695,182.2,0.0314,0,0,1,2026-05-15 21:29:32,0-10%,True Negative
696,7.57,0.9936,1,1,1,2026-05-15 21:29:32,90-100%,True Positive
697,0.76,0.1236,0,0,1,2026-05-15 21:29:32,10-30%,True Negative
698,44.9,0.9997,1,1,1,2026-05-15 21:29:32,90-100%,True Positive
699,1.0,0.9996,1,1,1,2026-05-15 21:29:32,90-100%,True Positive
700,1.0,0.9993,1,1,1,2026-05-15 21:29:32,90-100%,True Positive
701,30.0,0.0433,0,0,1,2026-05-15 21:29:32,0-10%,True Negative
702,1.0,0.0417,0,0,1,2026-05-15 21:29:32,0-10%,True Negative
703,142.19,0.0833,0,0,1,2026-05-15 21:29:32,0-10%,True Negative
704,42.81,0.0477,0,0,1,2026-05-15 21:29:32,0-10%,True Negative
705,2.49,0.0538,0,0,1,2026-05-15 21:29:32,0-10%,True Negative
706,0.76,0.9095,1,1,1,2026-05-15 21:29:32,90-100%,True Positive
707,24.9,0.7786,1,1,1,2026-05-15 21:29:33,70-90%,True Positive
708,88.0,0.9992,1,1,1,2026-05-15 21:29:33,90-100%,True Positive
709,32.0,0.0167,0,0,1,2026-05-15 21:29:33,0-10%,True Negative
710,402.9,0.025,0,0,1,2026-05-15 21:29:33,0-10%,True Negative
711,16.98,0.0087,0,0,1,2026-05-15 21:29:33,0-10%,True Negative
712,7.57,0.1166,0,0,1,2026-05-15 21:29:33,10-30%,True Negative
713,119.74,0.9997,1,1,1,2026-05-15 21:29:33,90-100%,True Positive
714,94.82,0.9997,1,1,1,2026-05-15 21:29:33,90-100%,True Positive
715,18.96,0.9977,1,1,1,2026-05-15 21:29:33,90-100%,True Positive
716,1.0,0.9997,1,1,1,2026-05-15 21:29:33,90-100%,True Positive
717,45.49,0.9997,1,1,1,2026-05-15 21:29:33,90-100%,True Positive
718,39.2,0.0104,0,0,1,2026-05-15 21:29:33,0-10%,True Negative
719,1.0,0.0219,0,0,1,2026-05-15 21:29:33,0-10%,True Negative
720,1.0,0.9996,1,1,1,2026-05-15 21:29:33,90-100%,True Positive
721,8.59,0.0294,0,0,1,2026-05-15 21:29:33,0-10%,True Negative
722,45.64,0.9995,1,1,1,2026-05-15 21:29:34,90-100%,True Positive
723,0.89,0.0588,0,0,1,2026-05-15 21:29:34,0-10%,True Negative
724,310.42,0.9997,1,1,1,2026-05-15 21:29:34,90-100%,True Positive
725,1.0,0.9993,1,1,1,2026-05-15 21:29:34,90-100%,True Positive
726,723.21,0.9996,1,1,1,2026-05-15 21:29:34,90-100%,True Positive
727,118.3,0.9997,1,1,1,2026-05-15 21:29:34,90-100%,True Positive
728,170.92,0.9997,1,1,1,2026-05-15 21:29:34,90-100%,True Positive
729,5.91,0.9918,1,1,1,2026-05-15 21:29:34,90-100%,True Positive
730,9.29,0.9866,1,1,1,2026-05-15 21:29:34,90-100%,True Positive
731,124.53,0.9996,1,1,1,2026-05-15 21:29:34,90-100%,True Positive
732,667.55,0.9997,1,1,1,2026-05-15 21:29:34,90-100%,True Positive
733,5.07,0.0198,0,0,1,2026-05-15 21:29:34,0-10%,True Negative
734,31.0,0.0131,0,0,1,2026-05-15 21:29:34,0-10%,True Negative
735,1.98,0.0105,0,0,1,2026-05-15 21:29:34,0-10%,True Negative
736,22.13,0.0098,0,0,1,2026-05-15 21:29:34,0-10%,True Negative
737,1.98,0.004,0,0,1,2026-05-15 21:29:34,0-10%,True Negative
738,34.12,0.9997,1,1,1,2026-05-15 21:29:34,90-100%,True Positive
739,9.99,0.0154,0,0,1,2026-05-15 21:29:35,0-10%,True Negative
740,592.9,0.9996,1,1,1,2026-05-15 21:29:35,90-100%,True Positive
741,8.07,0.0497,0,0,1,2026-05-15 21:29:35,0-10%,True Negative
742,29.0,0.0673,0,0,1,2026-05-15 21:29:35,0-10%,True Negative
743,86.76,0.0387,0,0,1,2026-05-15 21:29:35,0-10%,True Negative
744,7.49,0.0457,0,0,1,2026-05-15 21:29:35,0-10%,True Negative
745,98.01,0.0387,0,1,0,2026-05-15 21:29:35,0-10%,False Negative
746,46.91,0.009,0,0,1,2026-05-15 21:29:35,0-10%,True Negative
747,15.99,0.0827,0,0,1,2026-05-15 21:29:35,0-10%,True Negative
748,0.77,0.0195,0,0,1,2026-05-15 21:29:35,0-10%,True Negative
749,1464.94,0.0453,0,0,1,2026-05-15 21:29:35,0-10%,True Negative
750,145.5,0.0367,0,0,1,2026-05-15 21:29:35,0-10%,True Negative
751,5.49,0.009,0,0,1,2026-05-15 21:29:35,0-10%,True Negative
752,78.73,0.0355,0,0,1,2026-05-15 21:29:35,0-10%,True Negative
753,1.0,0.0253,0,0,1,2026-05-15 21:29:35,0-10%,True Negative
754,130.21,0.9996,1,1,1,2026-05-15 21:29:35,90-100%,True Positive
755,202.7,0.0227,0,0,1,2026-05-15 21:29:35,0-10%,True Negative
756,70.65,0.0166,0,0,1,2026-05-15 21:29:35,0-10%,True Negative
757,512.25,0.9997,1,1,1,2026-05-15 21:29:35,90-100%,True Positive
758,66.28,0.0636,0,0,1,2026-05-15 21:29:35,0-10%,True Negative
759,57.73,0.9997,1,1,1,2026-05-15 21:29:35,90-100%,True Positive
760,0.0,0.0872,0,0,1,2026-05-15 21:29:36,0-10%,True Negative
761,340.11,0.9997,1,1,1,2026-05-15 21:29:36,90-100%,True Positive
762,1.0,0.0283,0,0,1,2026-05-15 21:29:36,0-10%,True Negative
763,1.0,0.8428,1,1,1,2026-05-15 21:29:36,70-90%,True Positive
764,20.1,0.0743,0,0,1,2026-05-15 21:29:36,0-10%,True Negative
765,374.0,0.0575,0,0,1,2026-05-15 21:29:36,0-10%,True Negative
766,1.54,0.0175,0,0,1,2026-05-15 21:29:36,0-10%,True Negative
767,7.18,0.7238,1,1,1,2026-05-15 21:29:36,70-90%,True Positive
768,98.9,0.1109,0,0,1,2026-05-15 21:29:36,10-30%,True Negative
769,219.6,0.0429,0,0,1,2026-05-15 21:29:36,0-10%,True Negative
770,227.3,0.9994,1,1,1,2026-05-15 21:29:36,90-100%,True Positive
771,1.0,0.0419,0,0,1,2026-05-15 21:29:36,0-10%,True Negative
772,0.12,0.0074,0,0,1,2026-05-15 21:29:36,0-10%,True Negative
773,1.0,0.9996,1,1,1,2026-05-15 21:29:36,90-100%,True Positive
774,2.12,0.0281,0,0,1,2026-05-15 21:29:37,0-10%,True Negative
775,0.0,0.7123,1,1,1,2026-05-15 21:29:37,70-90%,True Positive
776,1.29,0.004,0,0,1,2026-05-15 21:29:37,0-10%,True Negative
777,69.18,0.2181,0,0,1,2026-05-15 21:29:37,10-30%,True Negative
778,105.89,0.9964,1,1,1,2026-05-15 21:29:37,90-100%,True Positive
779,1.0,0.7257,1,1,1,2026-05-15 21:29:37,70-90%,True Positive
780,79.0,0.0808,0,0,1,2026-05-15 21:29:37,0-10%,True Negative
781,155.49,0.0676,0,0,1,2026-05-15 21:29:37,0-10%,True Negative
782,250.0,0.0156,0,0,1,2026-05-15 21:29:37,0-10%,True Negative
783,829.41,0.9041,1,1,1,2026-05-15 21:29:37,90-100%,True Positive
784,0.0,0.9989,1,1,1,2026-05-15 21:29:37,90-100%,True Positive
785,1335.0,0.997,1,1,1,2026-05-15 21:29:37,90-100%,True Positive
786,320.0,0.7824,1,1,1,2026-05-15 21:29:37,70-90%,True Positive
787,64.99,0.033,0,0,1,2026-05-15 21:29:37,0-10%,True Negative
788,11.5,0.0075,0,0,1,2026-05-15 21:29:37,0-10%,True Negative
789,4.9,0.9833,1,1,1,2026-05-15 21:29:37,90-100%,True Positive
790,0.0,0.9997,1,1,1,2026-05-15 21:29:37,90-100%,True Positive
791,56.19,0.0107,0,0,1,2026-05-15 21:29:38,0-10%,True Negative
792,14.32,0.0462,0,0,1,2026-05-15 21:29:38,0-10%,True Negative
793,0.76,0.3224,0,0,1,2026-05-15 21:29:38,30-50%,True Negative
794,1.3,0.0058,0,0,1,2026-05-15 21:29:38,0-10%,True Negative
795,138.43,0.0319,0,0,1,2026-05-15 21:29:38,0-10%,True Negative
796,47.0,0.0182,0,0,1,2026-05-15 21:29:38,0-10%,True Negative
797,1.79,0.0717,0,0,1,2026-05-15 21:29:38,0-10%,True Negative
798,148.33,0.0629,0,0,1,2026-05-15 21:29:38,0-10%,True Negative
799,1.0,0.0112,0,0,1,2026-05-15 21:29:38,0-10%,True Negative
800,1.29,0.0058,0,0,1,2026-05-15 21:29:38,0-10%,True Negative
801,0.99,0.0265,0,0,1,2026-05-15 21:29:38,0-10%,True Negative
802,18.4,0.0232,0,0,1,2026-05-15 21:29:38,0-10%,True Negative
803,90.0,0.0228,0,0,1,2026-05-15 21:29:38,0-10%,True Negative
804,25.98,0.0211,0,0,1,2026-05-15 21:29:38,0-10%,True Negative
805,104.81,0.8674,1,1,1,2026-05-15 21:29:38,70-90%,True Positive
806,76.94,0.9994,1,1,1,2026-05-15 21:29:38,90-100%,True Positive
807,42.9,0.0067,0,0,1,2026-05-15 21:29:38,0-10%,True Negative
808,0.76,0.999,1,1,1,2026-05-15 21:29:38,90-100%,True Positive
809,27.22,0.0241,0,0,1,2026-05-15 21:29:39,0-10%,True Negative
810,1.0,0.9996,1,1,1,2026-05-15 21:29:39,90-100%,True Positive
811,50.2,0.0162,0,0,1,2026-05-15 21:29:39,0-10%,True Negative
812,0.76,0.9227,1,1,1,2026-05-15 21:29:39,90-100%,True Positive
813,18.05,0.1563,0,0,1,2026-05-15 21:29:39,10-30%,True Negative
814,25.0,0.0116,0,0,1,2026-05-15 21:29:39,0-10%,True Negative
815,1071.11,0.1095,0,0,1,2026-05-15 21:29:39,10-30%,True Negative
816,54.84,0.0215,0,0,1,2026-05-15 21:29:39,0-10%,True Negative
817,9.73,0.0502,0,0,1,2026-05-15 21:29:39,0-10%,True Negative
818,5.6,0.0214,0,0,1,2026-05-15 21:29:39,0-10%,True Negative
819,7.61,0.9997,1,1,1,2026-05-15 21:29:39,90-100%,True Positive
820,26.25,0.0266,0,0,1,2026-05-15 21:29:39,0-10%,True Negative
821,45.03,0.738,1,1,1,2026-05-15 21:29:39,70-90%,True Positive
822,3.76,0.007,0,0,1,2026-05-15 21:29:39,0-10%,True Negative
823,201.8,0.0163,0,0,1,2026-05-15 21:29:39,0-10%,True Negative
824,34.95,0.0158,0,0,1,2026-05-15 21:29:39,0-10%,True Negative
825,3.9,0.9997,1,1,1,2026-05-15 21:29:40,90-100%,True Positive
826,64.6,0.013,0,0,1,2026-05-15 21:29:40,0-10%,True Negative
827,236.01,0.0183,0,0,1,2026-05-15 21:29:40,0-10%,True Negative
828,6.62,0.9984,1,1,1,2026-05-15 21:29:40,90-100%,True Positive
829,84.28,0.9994,1,1,1,2026-05-15 21:29:40,90-100%,True Positive
830,1242.35,0.0637,0,0,1,2026-05-15 21:29:40,0-10%,True Negative
831,8.3,0.9996,1,1,1,2026-05-15 21:29:40,90-100%,True Positive
832,2.0,0.0861,0,0,1,2026-05-15 21:29:40,0-10%,True Negative
833,2.99,0.0263,0,0,1,2026-05-15 21:29:40,0-10%,True Negative
834,31.91,0.2909,0,1,0,2026-05-15 21:29:40,10-30%,False Negative
835,1.0,0.9844,1,1,1,2026-05-15 21:29:40,90-100%,True Positive
836,9.99,0.0312,0,0,1,2026-05-15 21:29:40,0-10%,True Negative
837,9.23,0.0125,0,0,1,2026-05-15 21:29:40,0-10%,True Negative
838,11.5,0.0126,0,0,1,2026-05-15 21:29:40,0-10%,True Negative
839,10.64,0.1584,0,0,1,2026-05-15 21:29:40,10-30%,True Negative
840,1.0,0.0113,0,0,1,2026-05-15 21:29:40,0-10%,True Negative
841,5.49,0.0125,0,0,1,2026-05-15 21:29:40,0-10%,True Negative
842,0.22,0.0384,0,0,1,2026-05-15 21:29:41,0-10%,True Negative
843,500.0,0.0266,0,0,1,2026-05-15 21:29:41,0-10%,True Negative
844,4.56,0.9997,1,1,1,2026-05-15 21:29:41,90-100%,True Positive
845,11.5,0.036,0,0,1,2026-05-15 21:29:41,0-10%,True Negative
846,43.84,0.0123,0,0,1,2026-05-15 21:29:41,0-10%,True Negative
847,0.92,0.0092,0,0,1,2026-05-15 21:29:41,0-10%,True Negative
848,324.59,0.9833,1,1,1,2026-05-15 21:29:41,90-100%,True Positive
849,35.9,0.0143,0,0,1,2026-05-15 21:29:41,0-10%,True Negative
850,1.0,0.9996,1,1,1,2026-05-15 21:29:41,90-100%,True Positive
851,179.66,0.3777,0,1,0,2026-05-15 21:29:41,30-50%,False Negative
852,10.78,0.0379,0,0,1,2026-05-15 21:29:41,0-10%,True Negative
853,385.77,0.1019,0,0,1,2026-05-15 21:29:41,10-30%,True Negative
854,6.27,0.9996,1,1,1,2026-05-15 21:29:41,90-100%,True Positive
855,53.95,0.9997,1,1,1,2026-05-15 21:29:41,90-100%,True Positive
856,1.0,0.9996,1,1,1,2026-05-15 21:29:41,90-100%,True Positive
857,19.0,0.0077,0,0,1,2026-05-15 21:29:41,0-10%,True Negative
858,1.0,0.9996,1,1,1,2026-05-15 21:29:41,90-100%,True Positive
859,77.89,0.9974,1,1,1,2026-05-15 21:29:41,90-100%,True Positive
860,0.01,0.0199,0,0,1,2026-05-15 21:29:41,0-10%,True Negative
861,1.0,0.9996,1,1,1,2026-05-15 21:29:41,90-100%,True Positive
862,1.0,0.5471,1,1,1,2026-05-15 21:29:41,50-70%,True Positive
863,2.22,0.9847,1,1,1,2026-05-15 21:29:41,90-100%,True Positive
864,15.72,0.0915,0,0,1,2026-05-15 21:29:41,0-10%,True Negative
865,108.51,0.8162,1,1,1,2026-05-15 21:29:42,70-90%,True Positive
866,728.0,0.1364,0,0,1,2026-05-15 21:29:42,10-30%,True Negative
867,49.83,0.0139,0,0,1,2026-05-15 21:29:42,0-10%,True Negative
868,139.9,0.9997,1,1,1,2026-05-15 21:29:42,90-100%,True Positive
869,99.99,0.9997,1,1,1,2026-05-15 21:29:42,90-100%,True Positive
870,45.51,0.9952,1,1,1,2026-05-15 21:29:42,90-100%,True Positive
871,45.0,0.0259,0,0,1,2026-05-15 21:29:42,0-10%,True Negative
872,9.99,0.9796,1,1,1,2026-05-15 21:29:42,90-100%,True Positive
873,15.98,0.0049,0,0,1,2026-05-15 21:29:42,0-10%,True Negative
874,0.89,0.0173,0,0,1,2026-05-15 21:29:42,0-10%,True Negative
875,38.27,0.0565,0,0,1,2026-05-15 21:29:42,0-10%,True Negative
876,1.98,0.0064,0,0,1,2026-05-15 21:29:42,0-10%,True Negative
877,99.99,0.9997,1,1,1,2026-05-15 21:29:42,90-100%,True Positive
878,0.0,0.0713,0,0,1,2026-05-15 21:29:42,0-10%,True Negative
879,1.0,0.9983,1,1,1,2026-05-15 21:29:42,90-100%,True Positive
880,0.76,0.6994,1,1,1,2026-05-15 21:29:42,50-70%,True Positive
881,3.79,0.5903,1,1,1,2026-05-15 21:29:42,50-70%,True Positive
882,0.76,0.0945,0,0,1,2026-05-15 21:29:43,0-10%,True Negative
883,362.55,0.998,1,1,1,2026-05-15 21:29:43,90-100%,True Positive
884,5.0,0.9997,1,1,1,2026-05-15 21:29:43,90-100%,True Positive
885,49.99,0.0051,0,0,1,2026-05-15 21:29:43,0-10%,True Negative
886,720.38,0.9995,1,1,1,2026-05-15 21:29:43,90-100%,True Positive
887,391.68,0.0789,0,0,1,2026-05-15 21:29:43,0-10%,True Negative
888,1.0,0.9996,1,1,1,2026-05-15 21:29:43,90-100%,True Positive
889,106.7,0.0244,0,0,1,2026-05-15 21:29:43,0-10%,True Negative
890,0.0,0.9971,1,1,1,2026-05-15 21:29:43,90-100%,True Positive
891,64.88,0.0372,0,0,1,2026-05-15 21:29:43,0-10%,True Negative
892,65.11,0.0505,0,0,1,2026-05-15 21:29:43,0-10%,True Negative
893,0.99,0.013,0,0,1,2026-05-15 21:29:43,0-10%,True Negative
894,8.54,0.9997,1,1,1,2026-05-15 21:29:43,90-100%,True Positive
895,59.14,0.1176,0,0,1,2026-05-15 21:29:43,10-30%,True Negative
896,1.0,0.9855,1,1,1,2026-05-15 21:29:43,90-100%,True Positive
897,6.7,0.1117,0,0,1,2026-05-15 21:29:43,10-30%,True Negative
898,3.14,0.9742,1,1,1,2026-05-15 21:29:44,90-100%,True Positive
899,35.0,0.9895,1,1,1,2026-05-15 21:29:44,90-100%,True Positive
900,127.48,0.016,0,0,1,2026-05-15 21:29:44,0-10%,True Negative
901,26.99,0.0035,0,0,1,2026-05-15 21:29:44,0-10%,True Negative
902,36.0,0.0483,0,0,1,2026-05-15 21:29:44,0-10%,True Negative
903,12.31,0.9997,1,1,1,2026-05-15 21:29:44,90-100%,True Positive
904,319.2,0.9977,1,1,1,2026-05-15 21:29:44,90-100%,True Positive
905,1.0,0.7592,1,1,1,2026-05-15 21:29:44,70-90%,True Positive
906,6.23,0.0076,0,0,1,2026-05-15 21:29:44,0-10%,True Negative
907,53.95,0.0709,0,0,1,2026-05-15 21:29:44,0-10%,True Negative
908,0.77,0.9856,1,1,1,2026-05-15 21:29:44,90-100%,True Positive
909,60.0,0.027,0,0,1,2026-05-15 21:29:44,0-10%,True Negative
910,1.0,0.8161,1,1,1,2026-05-15 21:29:44,70-90%,True Positive
911,2.58,0.018,0,0,1,2026-05-15 21:29:44,0-10%,True Negative
912,8.99,0.0054,0,0,1,2026-05-15 21:29:44,0-10%,True Negative
913,1.0,0.9834,1,1,1,2026-05-15 21:29:44,90-100%,True Positive
914,7.6,0.0073,0,0,1,2026-05-15 21:29:44,0-10%,True Negative
915,0.0,0.9986,1,1,1,2026-05-15 21:29:45,90-100%,True Positive
916,529.0,0.359,0,1,0,2026-05-15 21:29:45,30-50%,False Negative
917,29.99,0.02,0,0,1,2026-05-15 21:29:45,0-10%,True Negative
918,0.89,0.0573,0,0,1,2026-05-15 21:29:45,0-10%,True Negative
919,204.9,0.0282,0,0,1,2026-05-15 21:29:45,0-10%,True Negative
920,99.99,0.9997,1,1,1,2026-05-15 21:29:45,90-100%,True Positive
921,19.04,0.9786,1,1,1,2026-05-15 21:29:45,90-100%,True Positive
922,1.0,0.9997,1,1,1,2026-05-15 21:29:45,90-100%,True Positive
923,7.2,0.0341,0,0,1,2026-05-15 21:29:45,0-10%,True Negative
924,435.7,0.0275,0,0,1,2026-05-15 21:29:45,0-10%,True Negative
925,0.76,0.9958,1,1,1,2026-05-15 21:29:45,90-100%,True Positive
926,1096.99,0.8006,1,1,1,2026-05-15 21:29:45,70-90%,True Positive
927,0.0,0.9808,1,1,1,2026-05-15 21:29:45,90-100%,True Positive
928,125.3,0.9994,1,1,1,2026-05-15 21:29:45,90-100%,True Positive
929,0.0,0.9997,1,1,1,2026-05-15 21:29:45,90-100%,True Positive
930,192.63,0.0442,0,0,1,2026-05-15 21:29:45,0-10%,True Negative
931,3.96,0.0122,0,0,1,2026-05-15 21:29:46,0-10%,True Negative
932,7.59,0.9997,1,1,1,2026-05-15 21:29:46,90-100%,True Positive
933,49.99,0.0197,0,0,1,2026-05-15 21:29:46,0-10%,True Negative
934,16.48,0.9931,1,1,1,2026-05-15 21:29:46,90-100%,True Positive
935,1.0,0.9996,1,1,1,2026-05-15 21:29:46,90-100%,True Positive
936,45.48,0.9997,1,1,1,2026-05-15 21:29:46,90-100%,True Positive
937,181.78,0.0594,0,0,1,2026-05-15 21:29:46,0-10%,True Negative
938,1.0,0.979,1,1,1,2026-05-15 21:29:46,90-100%,True Positive
939,0.0,0.9997,1,1,1,2026-05-15 21:29:46,90-100%,True Positive
940,99.99,0.9997,1,1,1,2026-05-15 21:29:46,90-100%,True Positive
941,146.81,0.0061,0,0,1,2026-05-15 21:29:46,0-10%,True Negative
942,29.74,0.0508,0,0,1,2026-05-15 21:29:46,0-10%,True Negative
943,1.46,0.0107,0,0,1,2026-05-15 21:29:46,0-10%,True Negative
944,21.76,0.0373,0,0,1,2026-05-15 21:29:46,0-10%,True Negative
945,634.3,0.8345,1,1,1,2026-05-15 21:29:46,70-90%,True Positive
946,2.8,0.0141,0,0,1,2026-05-15 21:29:46,0-10%,True Negative
947,108.22,0.0068,0,0,1,2026-05-15 21:29:47,0-10%,True Negative
948,8.93,0.008,0,0,1,2026-05-15 21:29:47,0-10%,True Negative
949,311.28,0.9954,1,1,1,2026-05-15 21:29:47,90-100%,True Positive
950,110.07,0.0166,0,0,1,2026-05-15 21:29:47,0-10%,True Negative
951,400.0,0.1443,0,0,1,2026-05-15 21:29:47,10-30%,True Negative
952,1.29,0.0592,0,0,1,2026-05-15 21:29:47,0-10%,True Negative
953,40.0,0.1022,0,0,1,2026-05-15 21:29:47,10-30%,True Negative
954,444.17,0.9996,1,1,1,2026-05-15 21:29:47,90-100%,True Positive
955,246.24,0.0154,0,0,1,2026-05-15 21:29:47,0-10%,True Negative
956,15.95,0.0932,0,0,1,2026-05-15 21:29:47,0-10%,True Negative
957,0.77,0.9996,1,1,1,2026-05-15 21:29:47,90-100%,True Positive
958,0.0,0.0904,0,0,1,2026-05-15 21:29:47,0-10%,True Negative
959,24.09,0.0134,0,0,1,2026-05-15 21:29:47,0-10%,True Negative
960,99.99,0.9997,1,1,1,2026-05-15 21:29:47,90-100%,True Positive
961,4.69,0.9997,1,1,1,2026-05-15 21:29:47,90-100%,True Positive
962,11.0,0.0368,0,0,1,2026-05-15 21:29:47,0-10%,True Negative
963,2.4,0.0542,0,0,1,2026-05-15 21:29:47,0-10%,True Negative
964,469.92,0.0321,0,0,1,2026-05-15 21:29:48,0-10%,True Negative
965,1.0,0.982,1,1,1,2026-05-15 21:29:48,90-100%,True Positive
966,1.1,0.9992,1,1,1,2026-05-15 21:29:48,90-100%,True Positive
967,97.0,0.9996,1,1,1,2026-05-15 21:29:48,90-100%,True Positive
968,0.77,0.9996,1,1,1,2026-05-15 21:29:48,90-100%,True Positive
969,208.58,0.8412,1,1,1,2026-05-15 21:29:48,70-90%,True Positive
970,1.0,0.9997,1,1,1,2026-05-15 21:29:48,90-100%,True Positive
971,0.76,0.0102,0,0,1,2026-05-15 21:29:48,0-10%,True Negative
972,1.0,0.9995,1,1,1,2026-05-15 21:29:48,90-100%,True Positive
973,0.0,0.9989,1,1,1,2026-05-15 21:29:48,90-100%,True Positive
974,11.88,0.0187,0,0,1,2026-05-15 21:29:48,0-10%,True Negative
975,8.9,0.9987,1,1,1,2026-05-15 21:29:48,90-100%,True Positive
976,42.53,0.8013,1,1,1,2026-05-15 21:29:48,70-90%,True Positive
977,1.0,0.9997,1,1,1,2026-05-15 21:29:48,90-100%,True Positive
978,1.98,0.0153,0,0,1,2026-05-15 21:29:48,0-10%,True Negative
979,104.03,0.9997,1,1,1,2026-05-15 21:29:48,90-100%,True Positive
980,4.57,0.0889,0,0,1,2026-05-15 21:29:48,0-10%,True Negative
981,273.01,0.9997,1,1,1,2026-05-15 21:29:49,90-100%,True Positive
982,174.98,0.0198,0,0,1,2026-05-15 21:29:49,0-10%,True Negative
983,23.32,0.004,0,0,1,2026-05-15 21:29:49,0-10%,True Negative
984,14.46,0.9997,1,1,1,2026-05-15 21:29:49,90-100%,True Positive
985,720.8,0.9059,1,1,1,2026-05-15 21:29:49,90-100%,True Positive
986,717.15,0.9974,1,1,1,2026-05-15 21:29:49,90-100%,True Positive
987,0.77,0.9996,1,1,1,2026-05-15 21:29:49,90-100%,True Positive
988,2.28,0.9996,1,1,1,2026-05-15 21:29:49,90-100%,True Positive
989,0.0,0.9604,1,1,1,2026-05-15 21:29:49,90-100%,True Positive
990,187.11,0.7864,1,1,1,2026-05-15 21:29:49,70-90%,True Positive
991,0.0,0.9997,1,1,1,2026-05-15 21:29:49,90-100%,True Positive
992,64.0,0.0251,0,0,1,2026-05-15 21:29:49,0-10%,True Negative
993,1.0,0.9997,1,1,1,2026-05-15 21:29:49,90-100%,True Positive
994,150.0,0.0219,0,0,1,2026-05-15 21:29:49,0-10%,True Negative
995,99.99,0.9997,1,1,1,2026-05-15 21:29:49,90-100%,True Positive
996,1.0,0.9979,1,1,1,2026-05-15 21:29:49,90-100%,True Positive
997,354.33,0.6951,1,1,1,2026-05-15 21:29:50,50-70%,True Positive
998,42.8,0.0568,0,0,1,2026-05-15 21:29:50,0-10%,True Negative
999,50.0,0.9841,1,1,1,2026-05-15 21:29:50,90-100%,True Positive
1000,12.31,0.9918,1,1,1,2026-05-15 21:29:50,90-100%,True Positive
