transaction_id,amount,fraud_probability,prediction,actual_class,correct,timestamp
1,11.37,0.0595,0,0,1,2026-05-15 21:28:46
2,35.95,0.0127,0,0,1,2026-05-15 21:28:46
3,1.79,0.0078,0,0,1,2026-05-15 21:28:46
4,55.0,0.0093,0,0,1,2026-05-15 21:28:47
5,1.0,0.9995,1,1,1,2026-05-15 21:28:47
6,4.0,0.0056,0,0,1,2026-05-15 21:28:47
7,139.98,0.0466,0,0,1,2026-05-15 21:28:47
8,20.0,0.0105,0,0,1,2026-05-15 21:28:47
9,112.85,0.0062,0,0,1,2026-05-15 21:28:47
10,802.52,0.8944,1,1,1,2026-05-15 21:28:47
11,1.98,0.0085,0,0,1,2026-05-15 21:28:47
12,99.99,0.9997,1,1,1,2026-05-15 21:28:47
13,108.0,0.0299,0,0,1,2026-05-15 21:28:47
14,78.5,0.0297,0,0,1,2026-05-15 21:28:47
15,11.5,0.0371,0,0,1,2026-05-15 21:28:47
16,63.22,0.0379,0,0,1,2026-05-15 21:28:47
17,323.77,0.9442,1,1,1,2026-05-15 21:28:47
18,167.83,0.0835,0,0,1,2026-05-15 21:28:47
19,9.83,0.012,0,0,1,2026-05-15 21:28:47
20,1.0,0.9996,1,1,1,2026-05-15 21:28:48
21,1.98,0.0111,0,0,1,2026-05-15 21:28:48
22,0.0,0.9977,1,1,1,2026-05-15 21:28:48
23,175.9,0.9996,1,1,1,2026-05-15 21:28:48
24,21.99,0.2891,0,0,1,2026-05-15 21:28:48
25,1402.16,0.9987,1,1,1,2026-05-15 21:28:48
26,318.11,0.9989,1,1,1,2026-05-15 21:28:48
27,111.7,0.9997,1,1,1,2026-05-15 21:28:48
28,119.0,0.0176,0,0,1,2026-05-15 21:28:48
29,28.0,0.0073,0,0,1,2026-05-15 21:28:48
30,27.38,0.1078,0,0,1,2026-05-15 21:28:48
31,0.0,0.9997,1,1,1,2026-05-15 21:28:48
32,1.0,0.9997,1,1,1,2026-05-15 21:28:48
33,4.99,0.02,0,0,1,2026-05-15 21:28:48
34,35.0,0.0154,0,0,1,2026-05-15 21:28:49
35,1.0,0.9951,1,1,1,2026-05-15 21:28:49
36,1389.56,0.9992,1,1,1,2026-05-15 21:28:49
37,20.0,0.0182,0,0,1,2026-05-15 21:28:49
38,1.0,0.0034,0,0,1,2026-05-15 21:28:49
39,25.0,0.007,0,0,1,2026-05-15 21:28:49
40,99.99,0.9997,1,1,1,2026-05-15 21:28:49
41,8.64,0.9997,1,1,1,2026-05-15 21:28:49
42,1.0,0.9997,1,1,1,2026-05-15 21:28:49
43,37.93,0.9997,1,1,1,2026-05-15 21:28:49
44,52.0,0.0152,0,0,1,2026-05-15 21:28:49
45,316.06,0.9997,1,1,1,2026-05-15 21:28:49
46,240.77,0.9997,1,1,1,2026-05-15 21:28:49
47,0.89,0.0145,0,0,1,2026-05-15 21:28:49
48,97.99,0.0113,0,0,1,2026-05-15 21:28:50
49,10.7,0.9994,1,1,1,2026-05-15 21:28:50
50,133.6,0.0081,0,0,1,2026-05-15 21:28:50
51,6.87,0.0295,0,0,1,2026-05-15 21:28:50
52,21.02,0.0092,0,0,1,2026-05-15 21:28:50
53,0.2,0.8203,1,1,1,2026-05-15 21:28:50
54,114.32,0.0306,0,0,1,2026-05-15 21:28:50
55,1.0,0.9996,1,1,1,2026-05-15 21:28:50
56,0.0,0.9996,1,1,1,2026-05-15 21:28:50
57,170.0,0.0128,0,0,1,2026-05-15 21:28:50
58,1.0,0.9996,1,1,1,2026-05-15 21:28:50
59,7.53,0.9996,1,1,1,2026-05-15 21:28:50
60,22.54,0.052,0,0,1,2026-05-15 21:28:50
61,0.01,0.9997,1,1,1,2026-05-15 21:28:50
62,1.0,0.9996,1,1,1,2026-05-15 21:28:51
63,16.44,0.059,0,0,1,2026-05-15 21:28:51
64,1.1,0.9995,1,1,1,2026-05-15 21:28:51
65,129.0,0.0063,0,0,1,2026-05-15 21:28:51
66,64.95,0.0145,0,0,1,2026-05-15 21:28:51
67,17.99,0.0032,0,0,1,2026-05-15 21:28:51
68,15.0,0.0266,0,0,1,2026-05-15 21:28:51
69,99.99,0.9997,1,1,1,2026-05-15 21:28:51
70,0.77,0.0072,0,0,1,2026-05-15 21:28:51
71,1.0,0.948,1,1,1,2026-05-15 21:28:51
72,4.18,0.0404,0,0,1,2026-05-15 21:28:51
73,9.99,0.0183,0,0,1,2026-05-15 21:28:51
74,0.89,0.0062,0,0,1,2026-05-15 21:28:51
75,600.73,0.9977,1,1,1,2026-05-15 21:28:51
76,1.0,0.9923,1,1,1,2026-05-15 21:28:51
77,443.0,0.085,0,0,1,2026-05-15 21:28:52
78,3.79,0.8699,1,1,1,2026-05-15 21:28:52
79,0.99,0.0251,0,0,1,2026-05-15 21:28:52
80,30.31,0.9997,1,1,1,2026-05-15 21:28:52
81,4.49,0.0036,0,0,1,2026-05-15 21:28:52
82,99.99,0.9997,1,1,1,2026-05-15 21:28:52
83,252.92,0.9997,1,1,1,2026-05-15 21:28:52
84,99.99,0.9997,1,1,1,2026-05-15 21:28:52
85,1.0,0.9996,1,1,1,2026-05-15 21:28:52
86,87.0,0.0028,0,0,1,2026-05-15 21:28:52
87,541.0,0.0266,0,0,1,2026-05-15 21:28:52
88,15.0,0.0059,0,0,1,2026-05-15 21:28:52
89,1.0,0.0139,0,0,1,2026-05-15 21:28:52
90,1.0,0.7718,1,1,1,2026-05-15 21:28:52
91,480.72,0.8929,1,1,1,2026-05-15 21:28:53
92,0.0,0.9989,1,1,1,2026-05-15 21:28:53
93,56.89,0.025,0,0,1,2026-05-15 21:28:53
94,1354.25,0.9989,1,1,1,2026-05-15 21:28:53
95,1.0,0.0187,0,0,1,2026-05-15 21:28:53
96,237.26,0.9914,1,1,1,2026-05-15 21:28:53
97,11.99,0.03,0,0,1,2026-05-15 21:28:53
98,19.02,0.9969,1,1,1,2026-05-15 21:28:53
99,99.99,0.9997,1,1,1,2026-05-15 21:28:53
100,49.16,0.0707,0,0,1,2026-05-15 21:28:53
101,12.31,0.1068,0,0,1,2026-05-15 21:28:53
102,186.13,0.9994,1,1,1,2026-05-15 21:28:53
103,63.22,0.1036,0,0,1,2026-05-15 21:28:53
104,1.0,0.9834,1,1,1,2026-05-15 21:28:53
105,29.0,0.0259,0,0,1,2026-05-15 21:28:54
106,0.77,0.026,0,0,1,2026-05-15 21:28:54
107,60.0,0.0249,0,0,1,2026-05-15 21:28:54
108,112.75,0.0335,0,0,1,2026-05-15 21:28:54
109,99.99,0.9997,1,1,1,2026-05-15 21:28:54
110,0.0,0.0677,0,0,1,2026-05-15 21:28:54
111,15.0,0.0046,0,0,1,2026-05-15 21:28:54
112,10.0,0.018,0,0,1,2026-05-15 21:28:54
113,294.54,0.0155,0,0,1,2026-05-15 21:28:54
114,98.23,0.0123,0,0,1,2026-05-15 21:28:54
115,0.0,0.9996,1,1,1,2026-05-15 21:28:54
116,1.1,0.9889,1,1,1,2026-05-15 21:28:54
117,153.46,0.9997,1,1,1,2026-05-15 21:28:54
118,4.0,0.4048,0,0,1,2026-05-15 21:28:54
119,7.99,0.0269,0,0,1,2026-05-15 21:28:55
120,75.86,0.9996,1,1,1,2026-05-15 21:28:55
121,89.93,0.0064,0,0,1,2026-05-15 21:28:55
122,1.59,0.9995,1,1,1,2026-05-15 21:28:55
123,1.0,0.0289,0,0,1,2026-05-15 21:28:55
124,60.0,0.9737,1,1,1,2026-05-15 21:28:55
125,0.76,0.7807,1,1,1,2026-05-15 21:28:55
126,11.71,0.1659,0,0,1,2026-05-15 21:28:55
127,20.5,0.0315,0,0,1,2026-05-15 21:28:55
128,1.0,0.9997,1,1,1,2026-05-15 21:28:55
129,5.05,0.0186,0,0,1,2026-05-15 21:28:55
130,59.95,0.007,0,0,1,2026-05-15 21:28:55
131,15.98,0.0108,0,0,1,2026-05-15 21:28:55
132,1.99,0.0036,0,0,1,2026-05-15 21:28:55
133,0.0,0.9997,1,1,1,2026-05-15 21:28:55
134,3.5,0.0326,0,0,1,2026-05-15 21:28:56
135,0.77,0.0206,0,0,1,2026-05-15 21:28:56
136,1.0,0.9996,1,1,1,2026-05-15 21:28:56
137,459.07,0.9994,1,1,1,2026-05-15 21:28:56
138,0.0,0.9721,1,1,1,2026-05-15 21:28:56
139,1.0,0.9996,1,1,1,2026-05-15 21:28:56
140,99.99,0.9997,1,1,1,2026-05-15 21:28:56
141,1218.89,0.9896,1,1,1,2026-05-15 21:28:56
142,99.85,0.9997,1,1,1,2026-05-15 21:28:56
143,7.99,0.0095,0,0,1,2026-05-15 21:28:56
144,451.27,0.8537,1,1,1,2026-05-15 21:28:56
145,71.38,0.0134,0,0,1,2026-05-15 21:28:56
146,2.29,0.0116,0,0,1,2026-05-15 21:28:56
147,10.0,0.0169,0,0,1,2026-05-15 21:28:56
148,30.14,0.7477,1,1,1,2026-05-15 21:28:57
149,0.0,0.0078,0,0,1,2026-05-15 21:28:57
150,33.76,0.6103,1,1,1,2026-05-15 21:28:57
151,72.6,0.0156,0,0,1,2026-05-15 21:28:57
152,0.76,0.9996,1,1,1,2026-05-15 21:28:57
153,5.38,0.1734,0,0,1,2026-05-15 21:28:57
154,122.68,0.9996,1,1,1,2026-05-15 21:28:57
155,22.0,0.0097,0,0,1,2026-05-15 21:28:57
156,7.06,0.9713,1,1,1,2026-05-15 21:28:57
157,104.03,0.9997,1,1,1,2026-05-15 21:28:57
158,49.99,0.1512,0,0,1,2026-05-15 21:28:57
159,3.76,0.9711,1,1,1,2026-05-15 21:28:57
160,22.5,0.0062,0,0,1,2026-05-15 21:28:57
161,94.29,0.0608,0,0,1,2026-05-15 21:28:57
162,18.56,0.0247,0,0,1,2026-05-15 21:28:58
163,20.39,0.0114,0,0,1,2026-05-15 21:28:58
164,114.02,0.0654,0,0,1,2026-05-15 21:28:58
165,6.89,0.0195,0,0,1,2026-05-15 21:28:58
166,440.2,0.0174,0,0,1,2026-05-15 21:28:58
167,44.9,0.9997,1,1,1,2026-05-15 21:28:58
168,0.76,0.066,0,0,1,2026-05-15 21:28:58
169,11.4,0.9996,1,1,1,2026-05-15 21:28:58
170,1.0,0.9997,1,1,1,2026-05-15 21:28:58
171,2125.87,0.8583,1,1,1,2026-05-15 21:28:58
172,0.38,0.999,1,1,1,2026-05-15 21:28:58
173,112.33,0.9997,1,1,1,2026-05-15 21:28:58
174,68.89,0.0066,0,0,1,2026-05-15 21:28:58
175,349.08,0.9984,1,1,1,2026-05-15 21:28:58
176,45.51,0.9997,1,1,1,2026-05-15 21:28:58
177,1.0,0.926,1,1,1,2026-05-15 21:28:59
178,106.9,0.9996,1,1,1,2026-05-15 21:28:59
179,0.0,0.0155,0,0,1,2026-05-15 21:28:59
180,40.72,0.0122,0,0,1,2026-05-15 21:28:59
181,15.0,0.0153,0,0,1,2026-05-15 21:28:59
182,118.66,0.0442,0,0,1,2026-05-15 21:28:59
183,2.0,0.9995,1,1,1,2026-05-15 21:28:59
184,16.3,0.0357,0,0,1,2026-05-15 21:28:59
185,16.88,0.0716,0,0,1,2026-05-15 21:28:59
186,99.99,0.9996,1,1,1,2026-05-15 21:28:59
187,635.1,0.2261,0,1,0,2026-05-15 21:28:59
188,3.22,0.7293,1,1,1,2026-05-15 21:28:59
189,2.99,0.019,0,0,1,2026-05-15 21:28:59
190,467.5,0.0764,0,0,1,2026-05-15 21:28:59
191,1090.4,0.1228,0,0,1,2026-05-15 21:28:59
192,1.56,0.0603,0,0,1,2026-05-15 21:29:00
193,1.79,0.003,0,0,1,2026-05-15 21:29:00
194,18.98,0.9976,1,1,1,2026-05-15 21:29:00
195,1.0,0.9991,1,1,1,2026-05-15 21:29:00
196,2.0,0.9989,1,1,1,2026-05-15 21:29:00
197,0.76,0.9943,1,1,1,2026-05-15 21:29:00
198,1.0,0.9835,1,1,1,2026-05-15 21:29:00
199,120.0,0.023,0,0,1,2026-05-15 21:29:00
200,99.99,0.9997,1,1,1,2026-05-15 21:29:00
201,1.0,0.998,1,1,1,2026-05-15 21:29:00
202,11.76,0.2553,0,0,1,2026-05-15 21:29:00
203,84.0,0.0298,0,0,1,2026-05-15 21:29:00
204,1.29,0.0115,0,0,1,2026-05-15 21:29:00
205,5.49,0.0071,0,0,1,2026-05-15 21:29:00
206,285.55,0.0874,0,0,1,2026-05-15 21:29:00
207,99.99,0.9997,1,1,1,2026-05-15 21:29:01
208,1.4,0.0098,0,0,1,2026-05-15 21:29:01
209,57.0,0.0805,0,0,1,2026-05-15 21:29:01
210,1.29,0.0153,0,0,1,2026-05-15 21:29:01
211,99.99,0.9997,1,1,1,2026-05-15 21:29:01
212,1.0,0.9973,1,1,1,2026-05-15 21:29:01
213,11.5,0.0164,0,0,1,2026-05-15 21:29:01
214,7.69,0.0291,0,0,1,2026-05-15 21:29:01
215,43.92,0.0481,0,0,1,2026-05-15 21:29:01
216,1.0,0.9996,1,1,1,2026-05-15 21:29:01
217,57.01,0.0136,0,0,1,2026-05-15 21:29:01
218,219.8,0.9996,1,1,1,2026-05-15 21:29:01
219,17.5,0.007,0,0,1,2026-05-15 21:29:01
220,189.03,0.0243,0,0,1,2026-05-15 21:29:01
221,188.52,0.9997,1,1,1,2026-05-15 21:29:01
222,150.0,0.0229,0,0,1,2026-05-15 21:29:02
223,101.65,0.1637,0,0,1,2026-05-15 21:29:02
224,1.0,0.9996,1,1,1,2026-05-15 21:29:02
225,1.29,0.0119,0,0,1,2026-05-15 21:29:02
226,239.93,0.909,1,1,1,2026-05-15 21:29:02
227,0.99,0.0123,0,0,1,2026-05-15 21:29:02
228,0.0,0.9996,1,1,1,2026-05-15 21:29:02
229,4.99,0.0501,0,0,1,2026-05-15 21:29:02
230,79.0,0.0599,0,0,1,2026-05-15 21:29:02
231,346.94,0.9996,1,1,1,2026-05-15 21:29:02
232,12.0,0.2004,0,0,1,2026-05-15 21:29:02
233,12.31,0.9248,1,1,1,2026-05-15 21:29:02
234,69.99,0.021,0,0,1,2026-05-15 21:29:02
235,1.0,0.9996,1,1,1,2026-05-15 21:29:02
236,30.39,0.9997,1,1,1,2026-05-15 21:29:02
237,19.59,0.4128,0,1,0,2026-05-15 21:29:03
238,1.29,0.0027,0,0,1,2026-05-15 21:29:03
239,1.0,0.954,1,1,1,2026-05-15 21:29:03
240,1.0,0.9971,1,1,1,2026-05-15 21:29:03
241,59.0,0.9393,1,1,1,2026-05-15 21:29:03
242,101.5,0.9994,1,1,1,2026-05-15 21:29:03
243,10.74,0.0129,0,0,1,2026-05-15 21:29:03
244,114.12,0.1076,0,0,1,2026-05-15 21:29:03
245,30.31,0.9997,1,1,1,2026-05-15 21:29:03
246,0.76,0.9997,1,1,1,2026-05-15 21:29:03
247,0.0,0.9989,1,1,1,2026-05-15 21:29:03
248,99.99,0.9997,1,1,1,2026-05-15 21:29:03
249,30.3,0.948,1,1,1,2026-05-15 21:29:03
250,38.76,0.986,1,1,1,2026-05-15 21:29:03
251,0.68,0.9939,1,1,1,2026-05-15 21:29:04
252,8.49,0.007,0,0,1,2026-05-15 21:29:04
253,0.99,0.0131,0,0,1,2026-05-15 21:29:04
254,2.49,0.0134,0,0,1,2026-05-15 21:29:04
255,120.54,0.9796,1,1,1,2026-05-15 21:29:04
256,1.63,0.9996,1,1,1,2026-05-15 21:29:04
257,136.0,0.0098,0,0,1,2026-05-15 21:29:04
258,21.44,0.0332,0,0,1,2026-05-15 21:29:04
259,59.99,0.1194,0,0,1,2026-05-15 21:29:04
260,1.0,0.9994,1,1,1,2026-05-15 21:29:04
261,484.0,0.0567,0,0,1,2026-05-15 21:29:04
262,0.77,0.9996,1,1,1,2026-05-15 21:29:04
263,9.13,0.9997,1,1,1,2026-05-15 21:29:04
264,0.0,0.9997,1,1,1,2026-05-15 21:29:04
265,65.0,0.9996,1,1,1,2026-05-15 21:29:04
266,0.89,0.0587,0,0,1,2026-05-15 21:29:05
267,74.95,0.0048,0,0,1,2026-05-15 21:29:05
268,276.17,0.9075,1,1,1,2026-05-15 21:29:05
269,8.99,0.0093,0,0,1,2026-05-15 21:29:05
270,723.21,0.933,1,1,1,2026-05-15 21:29:05
271,245.0,0.9995,1,1,1,2026-05-15 21:29:05
272,88.23,0.9997,1,1,1,2026-05-15 21:29:05
273,1.5,0.0105,0,0,1,2026-05-15 21:29:05
274,254.76,0.9997,1,1,1,2026-05-15 21:29:05
275,30.39,0.1198,0,0,1,2026-05-15 21:29:05
276,1.0,0.9996,1,1,1,2026-05-15 21:29:05
277,113.92,0.9996,1,1,1,2026-05-15 21:29:05
278,1.0,0.0524,0,0,1,2026-05-15 21:29:05
279,0.68,0.99,1,1,1,2026-05-15 21:29:05
280,44.0,0.0087,0,0,1,2026-05-15 21:29:06
281,16.53,0.0086,0,0,1,2026-05-15 21:29:06
282,1.46,0.008,0,0,1,2026-05-15 21:29:06
283,238.9,0.9995,1,1,1,2026-05-15 21:29:06
284,261.22,0.8382,1,1,1,2026-05-15 21:29:06
285,290.18,0.6486,1,1,1,2026-05-15 21:29:06
286,69.99,0.0396,0,0,1,2026-05-15 21:29:06
287,105.89,0.9867,1,1,1,2026-05-15 21:29:06
288,247.86,0.9854,1,1,1,2026-05-15 21:29:06
289,1.0,0.9996,1,1,1,2026-05-15 21:29:06
290,14.38,0.0043,0,0,1,2026-05-15 21:29:06
291,45.0,0.0425,0,0,1,2026-05-15 21:29:06
292,100.0,0.0105,0,0,1,2026-05-15 21:29:06
293,11.85,0.023,0,0,1,2026-05-15 21:29:06
294,0.77,0.9995,1,1,1,2026-05-15 21:29:06
295,11.0,0.9993,1,1,1,2026-05-15 21:29:07
296,4.97,0.9995,1,1,1,2026-05-15 21:29:07
297,7.94,0.0084,0,0,1,2026-05-15 21:29:07
298,0.76,0.9997,1,1,1,2026-05-15 21:29:07
299,1.0,0.9986,1,1,1,2026-05-15 21:29:07
300,1.0,0.7881,1,1,1,2026-05-15 21:29:07
301,30.0,0.0088,0,0,1,2026-05-15 21:29:07
302,0.01,0.9997,1,1,1,2026-05-15 21:29:07
303,0.0,0.7507,1,1,1,2026-05-15 21:29:07
304,996.27,0.9854,1,1,1,2026-05-15 21:29:07
305,71.39,0.028,0,0,1,2026-05-15 21:29:07
306,194.0,0.0116,0,0,1,2026-05-15 21:29:07
307,0.92,0.908,1,1,1,2026-05-15 21:29:07
308,18.31,0.0825,0,0,1,2026-05-15 21:29:07
309,0.01,0.0323,0,0,1,2026-05-15 21:29:08
310,1.98,0.017,0,0,1,2026-05-15 21:29:08
311,24.18,0.0268,0,0,1,2026-05-15 21:29:08
312,3.59,0.0661,0,0,1,2026-05-15 21:29:08
313,59.15,0.1061,0,0,1,2026-05-15 21:29:08
314,45.81,0.033,0,0,1,2026-05-15 21:29:08
315,357.95,0.9051,1,1,1,2026-05-15 21:29:08
316,1504.93,0.9973,1,1,1,2026-05-15 21:29:08
317,1.0,0.9996,1,1,1,2026-05-15 21:29:08
318,1.0,0.0677,0,1,0,2026-05-15 21:29:08
319,1.52,0.1787,0,0,1,2026-05-15 21:29:08
320,294.9,0.9997,1,1,1,2026-05-15 21:29:08
321,99.99,0.9997,1,1,1,2026-05-15 21:29:08
322,1.0,0.9997,1,1,1,2026-05-15 21:29:08
323,78.0,0.9997,1,1,1,2026-05-15 21:29:08
324,9.8,0.0199,0,0,1,2026-05-15 21:29:08
325,1065.62,0.019,0,0,1,2026-05-15 21:29:08
326,9.99,0.0028,0,0,1,2026-05-15 21:29:09
327,0.01,0.9985,1,1,1,2026-05-15 21:29:09
328,19.95,0.5415,1,1,1,2026-05-15 21:29:09
329,7.9,0.0409,0,0,1,2026-05-15 21:29:09
330,39.45,0.9996,1,1,1,2026-05-15 21:29:09
331,6.96,0.0082,0,0,1,2026-05-15 21:29:09
332,1.0,0.9996,1,1,1,2026-05-15 21:29:09
333,982.11,0.0526,0,0,1,2026-05-15 21:29:09
334,149.15,0.0129,0,0,1,2026-05-15 21:29:09
335,0.0,0.7334,1,1,1,2026-05-15 21:29:09
336,1.0,0.9996,1,1,1,2026-05-15 21:29:09
337,1.15,0.0527,0,0,1,2026-05-15 21:29:09
338,11.85,0.0132,0,0,1,2026-05-15 21:29:09
339,144.01,0.0134,0,0,1,2026-05-15 21:29:09
340,52.0,0.005,0,0,1,2026-05-15 21:29:09
341,0.77,0.9996,1,1,1,2026-05-15 21:29:10
342,4.49,0.045,0,1,0,2026-05-15 21:29:10
343,1.18,0.2862,0,1,0,2026-05-15 21:29:10
344,37.32,0.9997,1,1,1,2026-05-15 21:29:10
345,0.01,0.999,1,1,1,2026-05-15 21:29:10
346,94.82,0.9996,1,1,1,2026-05-15 21:29:10
347,1.29,0.0096,0,0,1,2026-05-15 21:29:10
348,105.0,0.0213,0,0,1,2026-05-15 21:29:10
349,18.96,0.9995,1,1,1,2026-05-15 21:29:10
350,54.99,0.1214,0,0,1,2026-05-15 21:29:10
351,130.44,0.9997,1,1,1,2026-05-15 21:29:10
352,252.92,0.9997,1,1,1,2026-05-15 21:29:10
353,8.36,0.025,0,0,1,2026-05-15 21:29:10
354,99.99,0.9997,1,1,1,2026-05-15 21:29:10
355,18.0,0.9987,1,1,1,2026-05-15 21:29:11
356,106.55,0.9997,1,1,1,2026-05-15 21:29:11
357,316.06,0.9997,1,1,1,2026-05-15 21:29:11
358,1.59,0.9995,1,1,1,2026-05-15 21:29:11
359,33.59,0.9993,1,1,1,2026-05-15 21:29:11
360,648.0,0.9996,1,1,1,2026-05-15 21:29:11
361,0.0,0.9995,1,1,1,2026-05-15 21:29:11
362,12.6,0.0061,0,0,1,2026-05-15 21:29:11
363,172.32,0.9997,1,1,1,2026-05-15 21:29:11
364,51.37,0.9995,1,1,1,2026-05-15 21:29:11
365,99.99,0.9997,1,1,1,2026-05-15 21:29:11
366,1.0,0.9995,1,1,1,2026-05-15 21:29:11
367,30.0,0.0049,0,0,1,2026-05-15 21:29:11
368,1.75,0.9995,1,1,1,2026-05-15 21:29:11
369,925.31,0.9961,1,1,1,2026-05-15 21:29:12
370,35.89,0.0058,0,0,1,2026-05-15 21:29:12
371,519.9,0.2444,0,1,0,2026-05-15 21:29:12
372,173.66,0.0056,0,0,1,2026-05-15 21:29:12
373,1.0,0.9995,1,1,1,2026-05-15 21:29:12
374,8.0,0.9995,1,1,1,2026-05-15 21:29:12
375,1.0,0.9995,1,1,1,2026-05-15 21:29:12
376,71.65,0.0203,0,0,1,2026-05-15 21:29:12
377,127.14,0.9997,1,1,1,2026-05-15 21:29:12
378,23.36,0.9895,1,1,1,2026-05-15 21:29:12
379,50.0,0.0275,0,0,1,2026-05-15 21:29:12
380,8.7,0.0165,0,0,1,2026-05-15 21:29:12
381,426.4,0.9993,1,1,1,2026-05-15 21:29:12
382,204.27,0.9989,1,1,1,2026-05-15 21:29:12
383,1.0,0.004,0,0,1,2026-05-15 21:29:12
384,3.79,0.9789,1,1,1,2026-05-15 21:29:13
385,101.5,0.9984,1,1,1,2026-05-15 21:29:13
386,799.5,0.1191,0,0,1,2026-05-15 21:29:13
387,219.0,0.0979,0,0,1,2026-05-15 21:29:13
388,364.19,0.9896,1,1,1,2026-05-15 21:29:13
389,12.11,0.1544,0,0,1,2026-05-15 21:29:13
390,49.9,0.0067,0,0,1,2026-05-15 21:29:13
391,7.52,0.9997,1,1,1,2026-05-15 21:29:13
392,3.93,0.7559,1,1,1,2026-05-15 21:29:13
393,104.0,0.1006,0,0,1,2026-05-15 21:29:13
394,0.76,0.9992,1,1,1,2026-05-15 21:29:13
395,10.4,0.0227,0,0,1,2026-05-15 21:29:13
396,3.12,0.9435,1,1,1,2026-05-15 21:29:13
397,0.76,0.929,1,1,1,2026-05-15 21:29:13
398,1.0,0.9996,1,1,1,2026-05-15 21:29:13
399,29.99,0.0106,0,0,1,2026-05-15 21:29:13
400,10.49,0.2963,0,0,1,2026-05-15 21:29:14
401,1809.68,0.5584,1,1,1,2026-05-15 21:29:14
402,7.59,0.6952,1,1,1,2026-05-15 21:29:14
403,283.91,0.0656,0,0,1,2026-05-15 21:29:14
404,7.56,0.0293,0,0,1,2026-05-15 21:29:14
405,4.63,0.03,0,0,1,2026-05-15 21:29:14
406,4.6,0.011,0,0,1,2026-05-15 21:29:14
407,16.99,0.0123,0,0,1,2026-05-15 21:29:14
408,22.04,0.9974,1,1,1,2026-05-15 21:29:14
409,1.0,0.9996,1,1,1,2026-05-15 21:29:14
410,13.99,0.0239,0,0,1,2026-05-15 21:29:14
411,216.59,0.0088,0,0,1,2026-05-15 21:29:14
412,2.99,0.0366,0,0,1,2026-05-15 21:29:14
413,300.0,0.0172,0,0,1,2026-05-15 21:29:14
414,1.0,0.9997,1,1,1,2026-05-15 21:29:14
415,15.0,0.0333,0,0,1,2026-05-15 21:29:15
416,0.9,0.0204,0,0,1,2026-05-15 21:29:15
417,1.0,0.0193,0,0,1,2026-05-15 21:29:15
418,10.0,0.0594,0,0,1,2026-05-15 21:29:15
419,1.98,0.0193,0,0,1,2026-05-15 21:29:15
420,2.47,0.14,0,1,0,2026-05-15 21:29:15
421,1.0,0.9996,1,1,1,2026-05-15 21:29:15
422,1.79,0.0439,0,0,1,2026-05-15 21:29:15
423,39.9,0.9866,1,1,1,2026-05-15 21:29:15
424,1.98,0.0646,0,0,1,2026-05-15 21:29:15
425,2.0,0.9958,1,1,1,2026-05-15 21:29:15
426,25.0,0.9976,1,1,1,2026-05-15 21:29:15
427,0.68,0.999,1,1,1,2026-05-15 21:29:15
428,99.99,0.9997,1,1,1,2026-05-15 21:29:15
429,147.6,0.0133,0,0,1,2026-05-15 21:29:15
430,0.0,0.9997,1,1,1,2026-05-15 21:29:15
431,6.99,0.9486,1,1,1,2026-05-15 21:29:16
432,144.62,0.9994,1,1,1,2026-05-15 21:29:16
433,80.22,0.9994,1,1,1,2026-05-15 21:29:16
434,6.74,0.9997,1,1,1,2026-05-15 21:29:16
435,1.0,0.9997,1,1,1,2026-05-15 21:29:16
436,1.0,0.9994,1,1,1,2026-05-15 21:29:16
437,311.91,0.9199,1,1,1,2026-05-15 21:29:16
438,67.9,0.9995,1,1,1,2026-05-15 21:29:16
439,2.69,0.004,0,0,1,2026-05-15 21:29:16
440,3.96,0.0051,0,0,1,2026-05-15 21:29:16
441,549.06,0.7448,1,1,1,2026-05-15 21:29:16
442,55.54,0.0554,0,0,1,2026-05-15 21:29:16
443,3.05,0.0281,0,0,1,2026-05-15 21:29:16
444,96.0,0.0147,0,0,1,2026-05-15 21:29:16
445,33.45,0.0055,0,0,1,2026-05-15 21:29:16
446,156.5,0.0663,0,0,1,2026-05-15 21:29:17
447,56.0,0.0132,0,0,1,2026-05-15 21:29:17
448,261.87,0.6249,1,1,1,2026-05-15 21:29:17
449,8.99,0.0093,0,0,1,2026-05-15 21:29:17
450,3.77,0.0704,0,0,1,2026-05-15 21:29:17
451,1.0,0.0279,0,0,1,2026-05-15 21:29:17
452,73.27,0.0985,0,0,1,2026-05-15 21:29:17
453,39.45,0.9995,1,1,1,2026-05-15 21:29:17
454,360.0,0.9976,1,1,1,2026-05-15 21:29:17
455,99.9,0.9997,1,1,1,2026-05-15 21:29:17
456,2.99,0.0137,0,0,1,2026-05-15 21:29:17
457,277.53,0.4958,0,0,1,2026-05-15 21:29:17
458,11.0,0.0169,0,0,1,2026-05-15 21:29:17
459,80.9,0.998,1,1,1,2026-05-15 21:29:17
460,1.0,0.9997,1,1,1,2026-05-15 21:29:17
461,99.99,0.9997,1,1,1,2026-05-15 21:29:17
462,88.23,0.9997,1,1,1,2026-05-15 21:29:18
463,350.0,0.0297,0,0,1,2026-05-15 21:29:18
464,3.56,0.0153,0,0,1,2026-05-15 21:29:18
465,345.0,0.9689,1,1,1,2026-05-15 21:29:18
466,1.0,0.9296,1,1,1,2026-05-15 21:29:18
467,5.3,0.9997,1,1,1,2026-05-15 21:29:18
468,1.18,0.9996,1,1,1,2026-05-15 21:29:18
469,19.5,0.0038,0,0,1,2026-05-15 21:29:18
470,0.77,0.9996,1,1,1,2026-05-15 21:29:18
471,144.8,0.9996,1,1,1,2026-05-15 21:29:18
472,19.02,0.9997,1,1,1,2026-05-15 21:29:18
473,1.0,0.0056,0,0,1,2026-05-15 21:29:18
474,1.52,0.5603,1,1,1,2026-05-15 21:29:18
475,147.87,0.9993,1,1,1,2026-05-15 21:29:18
476,302.54,0.0422,0,0,1,2026-05-15 21:29:18
477,19.95,0.0119,0,0,1,2026-05-15 21:29:19
478,1.29,0.0174,0,0,1,2026-05-15 21:29:19
479,48.95,0.0124,0,0,1,2026-05-15 21:29:19
480,14.95,0.0127,0,0,1,2026-05-15 21:29:19
481,16.88,0.0134,0,0,1,2026-05-15 21:29:19
482,60.6,0.9994,1,1,1,2026-05-15 21:29:19
483,1.0,0.9989,1,1,1,2026-05-15 21:29:19
484,22.47,0.8834,1,1,1,2026-05-15 21:29:19
485,21.1,0.0373,0,0,1,2026-05-15 21:29:19
486,766.36,0.9997,1,1,1,2026-05-15 21:29:19
487,1.0,0.9997,1,1,1,2026-05-15 21:29:19
488,9.82,0.9987,1,1,1,2026-05-15 21:29:19
489,99.99,0.9997,1,1,1,2026-05-15 21:29:19
490,43.89,0.0101,0,0,1,2026-05-15 21:29:19
491,797.47,0.0249,0,0,1,2026-05-15 21:29:19
492,1.0,0.0132,0,0,1,2026-05-15 21:29:19
493,8.99,0.0104,0,0,1,2026-05-15 21:29:19
494,111.7,0.9997,1,1,1,2026-05-15 21:29:19
495,0.0,0.9879,1,1,1,2026-05-15 21:29:19
496,1.0,0.9996,1,1,1,2026-05-15 21:29:20
497,1.0,0.9997,1,1,1,2026-05-15 21:29:20
498,0.0,0.9997,1,1,1,2026-05-15 21:29:20
499,30.0,0.1042,0,0,1,2026-05-15 21:29:20
500,50.0,0.0193,0,0,1,2026-05-15 21:29:20
501,119.35,0.0274,0,0,1,2026-05-15 21:29:20
502,1.79,0.0539,0,1,0,2026-05-15 21:29:20
503,727.91,0.9994,1,1,1,2026-05-15 21:29:20
504,6.99,0.0106,0,0,1,2026-05-15 21:29:20
505,65.86,0.0365,0,0,1,2026-05-15 21:29:20
506,5.57,0.014,0,0,1,2026-05-15 21:29:20
507,1.79,0.0065,0,0,1,2026-05-15 21:29:20
508,1.0,0.9857,1,1,1,2026-05-15 21:29:20
509,5.99,0.0089,0,0,1,2026-05-15 21:29:20
510,8.99,0.0047,0,0,1,2026-05-15 21:29:20
511,1.0,0.9921,1,1,1,2026-05-15 21:29:20
512,114.98,0.007,0,0,1,2026-05-15 21:29:20
513,2.28,0.9996,1,1,1,2026-05-15 21:29:21
514,1.0,0.9996,1,1,1,2026-05-15 21:29:21
515,1.63,0.9997,1,1,1,2026-05-15 21:29:21
516,43.48,0.0069,0,0,1,2026-05-15 21:29:21
517,489.71,0.9993,1,1,1,2026-05-15 21:29:21
518,0.83,0.9997,1,1,1,2026-05-15 21:29:21
519,281.34,0.1636,0,0,1,2026-05-15 21:29:21
520,1.0,0.9996,1,1,1,2026-05-15 21:29:21
521,17.06,0.9994,1,1,1,2026-05-15 21:29:21
522,1.0,0.0153,0,0,1,2026-05-15 21:29:21
523,46.0,0.0313,0,0,1,2026-05-15 21:29:21
524,104.0,0.9997,1,1,1,2026-05-15 21:29:21
525,1.0,0.9713,1,1,1,2026-05-15 21:29:21
526,61.47,0.0801,0,0,1,2026-05-15 21:29:21
527,20.0,0.0251,0,0,1,2026-05-15 21:29:22
528,454.82,0.9993,1,1,1,2026-05-15 21:29:22
529,93.0,0.0155,0,0,1,2026-05-15 21:29:22
530,0.76,0.9009,1,1,1,2026-05-15 21:29:22
531,39.28,0.0323,0,0,1,2026-05-15 21:29:22
532,99.99,0.9997,1,1,1,2026-05-15 21:29:22
533,1.0,0.0103,0,0,1,2026-05-15 21:29:22
534,9.21,0.962,1,1,1,2026-05-15 21:29:22
535,46.65,0.0357,0,0,1,2026-05-15 21:29:22
536,17.39,0.9588,1,1,1,2026-05-15 21:29:22
537,1.0,0.9991,1,1,1,2026-05-15 21:29:22
538,730.86,0.9965,1,1,1,2026-05-15 21:29:22
539,45.47,0.0125,0,0,1,2026-05-15 21:29:22
540,1.0,0.9997,1,1,1,2026-05-15 21:29:22
541,0.01,0.9997,1,1,1,2026-05-15 21:29:22
542,2.0,0.9993,1,1,1,2026-05-15 21:29:22
543,824.83,0.9945,1,1,1,2026-05-15 21:29:22
544,390.0,0.9993,1,1,1,2026-05-15 21:29:22
545,1.52,0.9997,1,1,1,2026-05-15 21:29:23
546,43.8,0.0703,0,0,1,2026-05-15 21:29:23
547,521.99,0.0254,0,0,1,2026-05-15 21:29:23
548,29.99,0.0091,0,0,1,2026-05-15 21:29:23
549,32.12,0.0032,0,0,1,2026-05-15 21:29:23
550,59.68,0.9997,1,1,1,2026-05-15 21:29:23
551,11.38,0.9997,1,1,1,2026-05-15 21:29:23
552,156.0,0.9991,1,1,1,2026-05-15 21:29:23
553,10.88,0.0116,0,0,1,2026-05-15 21:29:23
554,99.99,0.9893,1,1,1,2026-05-15 21:29:23
555,3.0,0.0082,0,0,1,2026-05-15 21:29:23
556,5.0,0.0137,0,0,1,2026-05-15 21:29:23
557,93.35,0.9962,1,1,1,2026-05-15 21:29:23
558,512.25,0.9997,1,1,1,2026-05-15 21:29:23
559,188.78,0.9996,1,1,1,2026-05-15 21:29:23
560,2.27,0.9987,1,1,1,2026-05-15 21:29:23
561,270.0,0.9995,1,1,1,2026-05-15 21:29:24
562,296.0,0.0115,0,0,1,2026-05-15 21:29:24
563,23.0,0.009,0,0,1,2026-05-15 21:29:24
564,10.0,0.0329,0,0,1,2026-05-15 21:29:24
565,1.0,0.998,1,1,1,2026-05-15 21:29:24
566,1.0,0.9997,1,1,1,2026-05-15 21:29:24
567,2.95,0.0392,0,0,1,2026-05-15 21:29:24
568,188.52,0.9997,1,1,1,2026-05-15 21:29:24
569,2.28,0.9997,1,1,1,2026-05-15 21:29:24
570,14.99,0.0829,0,0,1,2026-05-15 21:29:24
571,1.0,0.0199,0,1,0,2026-05-15 21:29:24
572,173.07,0.9995,1,1,1,2026-05-15 21:29:24
573,33.4,0.039,0,0,1,2026-05-15 21:29:24
574,1.0,0.9996,1,1,1,2026-05-15 21:29:24
575,0.76,0.9997,1,1,1,2026-05-15 21:29:24
576,229.88,0.012,0,0,1,2026-05-15 21:29:25
577,1.0,0.999,1,1,1,2026-05-15 21:29:25
578,296.0,0.9968,1,1,1,2026-05-15 21:29:25
579,0.69,0.8775,1,1,1,2026-05-15 21:29:25
580,1.98,0.0134,0,0,1,2026-05-15 21:29:25
581,1.0,0.9996,1,1,1,2026-05-15 21:29:25
582,1.0,0.9997,1,1,1,2026-05-15 21:29:25
583,451.58,0.0114,0,0,1,2026-05-15 21:29:25
584,1.0,0.0724,0,0,1,2026-05-15 21:29:25
585,4.26,0.0132,0,0,1,2026-05-15 21:29:25
586,320.01,0.9996,1,1,1,2026-05-15 21:29:25
587,50.0,0.01,0,0,1,2026-05-15 21:29:25
588,24.9,0.0282,0,0,1,2026-05-15 21:29:25
589,11.39,0.3793,0,1,0,2026-05-15 21:29:25
590,112.45,0.9961,1,1,1,2026-05-15 21:29:25
591,29.95,0.0911,0,1,0,2026-05-15 21:29:25
592,5.0,0.0073,0,0,1,2026-05-15 21:29:25
593,5.84,0.0131,0,0,1,2026-05-15 21:29:26
594,1.0,0.1145,0,0,1,2026-05-15 21:29:26
595,1279.02,0.0615,0,0,1,2026-05-15 21:29:26
596,1.0,0.9995,1,1,1,2026-05-15 21:29:26
597,52.69,0.9996,1,1,1,2026-05-15 21:29:26
598,27.0,0.0077,0,0,1,2026-05-15 21:29:26
599,10.02,0.0644,0,0,1,2026-05-15 21:29:26
600,9.95,0.007,0,0,1,2026-05-15 21:29:26
601,1.0,0.9996,1,1,1,2026-05-15 21:29:26
602,0.76,0.9997,1,1,1,2026-05-15 21:29:26
603,571.48,0.929,1,1,1,2026-05-15 21:29:26
604,129.0,0.6653,1,1,1,2026-05-15 21:29:26
605,4.43,0.0504,0,0,1,2026-05-15 21:29:26
606,22.09,0.005,0,0,1,2026-05-15 21:29:26
607,1.0,0.9997,1,1,1,2026-05-15 21:29:26
608,83.38,0.9997,1,1,1,2026-05-15 21:29:27
609,96.0,0.018,0,0,1,2026-05-15 21:29:27
610,15.95,0.0158,0,0,1,2026-05-15 21:29:27
611,0.83,0.9997,1,1,1,2026-05-15 21:29:27
612,209.65,0.9997,1,1,1,2026-05-15 21:29:27
613,261.56,0.1159,0,0,1,2026-05-15 21:29:27
614,15.97,0.0255,0,0,1,2026-05-15 21:29:27
615,0.76,0.0637,0,0,1,2026-05-15 21:29:27
616,2.94,0.0827,0,0,1,2026-05-15 21:29:27
617,23.0,0.0077,0,0,1,2026-05-15 21:29:27
618,888.61,0.0136,0,0,1,2026-05-15 21:29:27
619,1.29,0.021,0,0,1,2026-05-15 21:29:27
620,1.0,0.9996,1,1,1,2026-05-15 21:29:27
621,357.2,0.0352,0,0,1,2026-05-15 21:29:27
622,7.58,0.8293,1,1,1,2026-05-15 21:29:27
623,72.81,0.033,0,0,1,2026-05-15 21:29:27
624,0.76,0.9994,1,1,1,2026-05-15 21:29:27
625,1.0,0.9994,1,1,1,2026-05-15 21:29:28
626,17.82,0.0273,0,0,1,2026-05-15 21:29:28
627,1.0,0.9996,1,1,1,2026-05-15 21:29:28
628,71.21,0.0565,0,0,1,2026-05-15 21:29:28
629,4.0,0.0021,0,0,1,2026-05-15 21:29:28
630,1.0,0.195,0,0,1,2026-05-15 21:29:28
631,16.18,0.0156,0,0,1,2026-05-15 21:29:28
632,39.98,0.9952,1,1,1,2026-05-15 21:29:28
633,1.18,0.9996,1,1,1,2026-05-15 21:29:28
634,85.25,0.0267,0,0,1,2026-05-15 21:29:28
635,1.0,0.01,0,0,1,2026-05-15 21:29:28
636,1.0,0.9996,1,1,1,2026-05-15 21:29:28
637,1.0,0.9981,1,1,1,2026-05-15 21:29:28
638,1.98,0.0062,0,0,1,2026-05-15 21:29:28
639,1.0,0.9556,1,1,1,2026-05-15 21:29:29
640,15.0,0.0306,0,0,1,2026-05-15 21:29:29
641,40.0,0.8293,1,1,1,2026-05-15 21:29:29
642,1.0,0.9996,1,1,1,2026-05-15 21:29:29
643,1.0,0.9997,1,1,1,2026-05-15 21:29:29
644,11.85,0.0082,0,0,1,2026-05-15 21:29:29
645,4.87,0.9993,1,1,1,2026-05-15 21:29:29
646,0.77,0.9983,1,1,1,2026-05-15 21:29:29
647,55.77,0.0168,0,0,1,2026-05-15 21:29:29
648,74.43,0.0161,0,0,1,2026-05-15 21:29:29
649,119.0,0.0267,0,0,1,2026-05-15 21:29:29
650,31.98,0.0146,0,0,1,2026-05-15 21:29:29
651,5.09,0.8887,1,1,1,2026-05-15 21:29:29
652,9.99,0.0036,0,0,1,2026-05-15 21:29:29
653,500.0,0.0537,0,0,1,2026-05-15 21:29:29
654,1.98,0.0077,0,0,1,2026-05-15 21:29:30
655,179.0,0.0891,0,0,1,2026-05-15 21:29:30
656,0.89,0.0067,0,0,1,2026-05-15 21:29:30
657,2.99,0.0172,0,0,1,2026-05-15 21:29:30
658,41.71,0.0684,0,0,1,2026-05-15 21:29:30
659,19.73,0.9991,1,1,1,2026-05-15 21:29:30
660,4.95,0.1021,0,0,1,2026-05-15 21:29:30
661,1.0,0.9996,1,1,1,2026-05-15 21:29:30
662,1.51,0.0483,0,0,1,2026-05-15 21:29:30
663,10.6,0.0225,0,0,1,2026-05-15 21:29:30
664,0.99,0.009,0,0,1,2026-05-15 21:29:30
665,3.79,0.9997,1,1,1,2026-05-15 21:29:30
666,1.0,0.9996,1,1,1,2026-05-15 21:29:30
667,45.77,0.0191,0,0,1,2026-05-15 21:29:30
668,776.83,0.9215,1,1,1,2026-05-15 21:29:30
669,8.0,0.8973,1,1,1,2026-05-15 21:29:30
670,0.77,0.9986,1,1,1,2026-05-15 21:29:31
671,29.31,0.0241,0,0,1,2026-05-15 21:29:31
672,675.49,0.0672,0,0,1,2026-05-15 21:29:31
673,1.0,0.0229,0,0,1,2026-05-15 21:29:31
674,512.65,0.0172,0,0,1,2026-05-15 21:29:31
675,30.26,0.9997,1,1,1,2026-05-15 21:29:31
676,1.0,0.9996,1,1,1,2026-05-15 21:29:31
677,105.99,0.811,1,1,1,2026-05-15 21:29:31
678,195.66,0.9987,1,1,1,2026-05-15 21:29:31
679,104.0,0.0055,0,0,1,2026-05-15 21:29:31
680,180.0,0.999,1,1,1,2026-05-15 21:29:31
681,127.69,0.0633,0,0,1,2026-05-15 21:29:31
682,26.9,0.0156,0,0,1,2026-05-15 21:29:31
683,12.95,0.0227,0,0,1,2026-05-15 21:29:31
684,1.0,0.9986,1,1,1,2026-05-15 21:29:31
685,272.65,0.0264,0,0,1,2026-05-15 21:29:31
686,1.0,0.9997,1,1,1,2026-05-15 21:29:31
687,0.76,0.9832,1,1,1,2026-05-15 21:29:32
688,104.99,0.0066,0,0,1,2026-05-15 21:29:32
689,1.0,0.9855,1,1,1,2026-05-15 21:29:32
690,78.0,0.9997,1,1,1,2026-05-15 21:29:32
691,29.99,0.0131,0,0,1,2026-05-15 21:29:32
692,63.0,0.0086,0,0,1,2026-05-15 21:29:32
693,1.0,0.0144,0,0,1,2026-05-15 21:29:32
694,0.45,0.1986,0,0,1,2026-05-15 21:29:32
695,182.2,0.0314,0,0,1,2026-05-15 21:29:32
696,7.57,0.9936,1,1,1,2026-05-15 21:29:32
697,0.76,0.1236,0,0,1,2026-05-15 21:29:32
698,44.9,0.9997,1,1,1,2026-05-15 21:29:32
699,1.0,0.9996,1,1,1,2026-05-15 21:29:32
700,1.0,0.9993,1,1,1,2026-05-15 21:29:32
701,30.0,0.0433,0,0,1,2026-05-15 21:29:32
702,1.0,0.0417,0,0,1,2026-05-15 21:29:32
703,142.19,0.0833,0,0,1,2026-05-15 21:29:32
704,42.81,0.0477,0,0,1,2026-05-15 21:29:32
705,2.49,0.0538,0,0,1,2026-05-15 21:29:32
706,0.76,0.9095,1,1,1,2026-05-15 21:29:32
707,24.9,0.7786,1,1,1,2026-05-15 21:29:33
708,88.0,0.9992,1,1,1,2026-05-15 21:29:33
709,32.0,0.0167,0,0,1,2026-05-15 21:29:33
710,402.9,0.025,0,0,1,2026-05-15 21:29:33
711,16.98,0.0087,0,0,1,2026-05-15 21:29:33
712,7.57,0.1166,0,0,1,2026-05-15 21:29:33
713,119.74,0.9997,1,1,1,2026-05-15 21:29:33
714,94.82,0.9997,1,1,1,2026-05-15 21:29:33
715,18.96,0.9977,1,1,1,2026-05-15 21:29:33
716,1.0,0.9997,1,1,1,2026-05-15 21:29:33
717,45.49,0.9997,1,1,1,2026-05-15 21:29:33
718,39.2,0.0104,0,0,1,2026-05-15 21:29:33
719,1.0,0.0219,0,0,1,2026-05-15 21:29:33
720,1.0,0.9996,1,1,1,2026-05-15 21:29:33
721,8.59,0.0294,0,0,1,2026-05-15 21:29:33
722,45.64,0.9995,1,1,1,2026-05-15 21:29:34
723,0.89,0.0588,0,0,1,2026-05-15 21:29:34
724,310.42,0.9997,1,1,1,2026-05-15 21:29:34
725,1.0,0.9993,1,1,1,2026-05-15 21:29:34
726,723.21,0.9996,1,1,1,2026-05-15 21:29:34
727,118.3,0.9997,1,1,1,2026-05-15 21:29:34
728,170.92,0.9997,1,1,1,2026-05-15 21:29:34
729,5.91,0.9918,1,1,1,2026-05-15 21:29:34
730,9.29,0.9866,1,1,1,2026-05-15 21:29:34
731,124.53,0.9996,1,1,1,2026-05-15 21:29:34
732,667.55,0.9997,1,1,1,2026-05-15 21:29:34
733,5.07,0.0198,0,0,1,2026-05-15 21:29:34
734,31.0,0.0131,0,0,1,2026-05-15 21:29:34
735,1.98,0.0105,0,0,1,2026-05-15 21:29:34
736,22.13,0.0098,0,0,1,2026-05-15 21:29:34
737,1.98,0.004,0,0,1,2026-05-15 21:29:34
738,34.12,0.9997,1,1,1,2026-05-15 21:29:34
739,9.99,0.0154,0,0,1,2026-05-15 21:29:35
740,592.9,0.9996,1,1,1,2026-05-15 21:29:35
741,8.07,0.0497,0,0,1,2026-05-15 21:29:35
742,29.0,0.0673,0,0,1,2026-05-15 21:29:35
743,86.76,0.0387,0,0,1,2026-05-15 21:29:35
744,7.49,0.0457,0,0,1,2026-05-15 21:29:35
745,98.01,0.0387,0,1,0,2026-05-15 21:29:35
746,46.91,0.009,0,0,1,2026-05-15 21:29:35
747,15.99,0.0827,0,0,1,2026-05-15 21:29:35
748,0.77,0.0195,0,0,1,2026-05-15 21:29:35
749,1464.94,0.0453,0,0,1,2026-05-15 21:29:35
750,145.5,0.0367,0,0,1,2026-05-15 21:29:35
751,5.49,0.009,0,0,1,2026-05-15 21:29:35
752,78.73,0.0355,0,0,1,2026-05-15 21:29:35
753,1.0,0.0253,0,0,1,2026-05-15 21:29:35
754,130.21,0.9996,1,1,1,2026-05-15 21:29:35
755,202.7,0.0227,0,0,1,2026-05-15 21:29:35
756,70.65,0.0166,0,0,1,2026-05-15 21:29:35
757,512.25,0.9997,1,1,1,2026-05-15 21:29:35
758,66.28,0.0636,0,0,1,2026-05-15 21:29:35
759,57.73,0.9997,1,1,1,2026-05-15 21:29:35
760,0.0,0.0872,0,0,1,2026-05-15 21:29:36
761,340.11,0.9997,1,1,1,2026-05-15 21:29:36
762,1.0,0.0283,0,0,1,2026-05-15 21:29:36
763,1.0,0.8428,1,1,1,2026-05-15 21:29:36
764,20.1,0.0743,0,0,1,2026-05-15 21:29:36
765,374.0,0.0575,0,0,1,2026-05-15 21:29:36
766,1.54,0.0175,0,0,1,2026-05-15 21:29:36
767,7.18,0.7238,1,1,1,2026-05-15 21:29:36
768,98.9,0.1109,0,0,1,2026-05-15 21:29:36
769,219.6,0.0429,0,0,1,2026-05-15 21:29:36
770,227.3,0.9994,1,1,1,2026-05-15 21:29:36
771,1.0,0.0419,0,0,1,2026-05-15 21:29:36
772,0.12,0.0074,0,0,1,2026-05-15 21:29:36
773,1.0,0.9996,1,1,1,2026-05-15 21:29:36
774,2.12,0.0281,0,0,1,2026-05-15 21:29:37
775,0.0,0.7123,1,1,1,2026-05-15 21:29:37
776,1.29,0.004,0,0,1,2026-05-15 21:29:37
777,69.18,0.2181,0,0,1,2026-05-15 21:29:37
778,105.89,0.9964,1,1,1,2026-05-15 21:29:37
779,1.0,0.7257,1,1,1,2026-05-15 21:29:37
780,79.0,0.0808,0,0,1,2026-05-15 21:29:37
781,155.49,0.0676,0,0,1,2026-05-15 21:29:37
782,250.0,0.0156,0,0,1,2026-05-15 21:29:37
783,829.41,0.9041,1,1,1,2026-05-15 21:29:37
784,0.0,0.9989,1,1,1,2026-05-15 21:29:37
785,1335.0,0.997,1,1,1,2026-05-15 21:29:37
786,320.0,0.7824,1,1,1,2026-05-15 21:29:37
787,64.99,0.033,0,0,1,2026-05-15 21:29:37
788,11.5,0.0075,0,0,1,2026-05-15 21:29:37
789,4.9,0.9833,1,1,1,2026-05-15 21:29:37
790,0.0,0.9997,1,1,1,2026-05-15 21:29:37
791,56.19,0.0107,0,0,1,2026-05-15 21:29:38
792,14.32,0.0462,0,0,1,2026-05-15 21:29:38
793,0.76,0.3224,0,0,1,2026-05-15 21:29:38
794,1.3,0.0058,0,0,1,2026-05-15 21:29:38
795,138.43,0.0319,0,0,1,2026-05-15 21:29:38
796,47.0,0.0182,0,0,1,2026-05-15 21:29:38
797,1.79,0.0717,0,0,1,2026-05-15 21:29:38
798,148.33,0.0629,0,0,1,2026-05-15 21:29:38
799,1.0,0.0112,0,0,1,2026-05-15 21:29:38
800,1.29,0.0058,0,0,1,2026-05-15 21:29:38
801,0.99,0.0265,0,0,1,2026-05-15 21:29:38
802,18.4,0.0232,0,0,1,2026-05-15 21:29:38
803,90.0,0.0228,0,0,1,2026-05-15 21:29:38
804,25.98,0.0211,0,0,1,2026-05-15 21:29:38
805,104.81,0.8674,1,1,1,2026-05-15 21:29:38
806,76.94,0.9994,1,1,1,2026-05-15 21:29:38
807,42.9,0.0067,0,0,1,2026-05-15 21:29:38
808,0.76,0.999,1,1,1,2026-05-15 21:29:38
809,27.22,0.0241,0,0,1,2026-05-15 21:29:39
810,1.0,0.9996,1,1,1,2026-05-15 21:29:39
811,50.2,0.0162,0,0,1,2026-05-15 21:29:39
812,0.76,0.9227,1,1,1,2026-05-15 21:29:39
813,18.05,0.1563,0,0,1,2026-05-15 21:29:39
814,25.0,0.0116,0,0,1,2026-05-15 21:29:39
815,1071.11,0.1095,0,0,1,2026-05-15 21:29:39
816,54.84,0.0215,0,0,1,2026-05-15 21:29:39
817,9.73,0.0502,0,0,1,2026-05-15 21:29:39
818,5.6,0.0214,0,0,1,2026-05-15 21:29:39
819,7.61,0.9997,1,1,1,2026-05-15 21:29:39
820,26.25,0.0266,0,0,1,2026-05-15 21:29:39
821,45.03,0.738,1,1,1,2026-05-15 21:29:39
822,3.76,0.007,0,0,1,2026-05-15 21:29:39
823,201.8,0.0163,0,0,1,2026-05-15 21:29:39
824,34.95,0.0158,0,0,1,2026-05-15 21:29:39
825,3.9,0.9997,1,1,1,2026-05-15 21:29:40
826,64.6,0.013,0,0,1,2026-05-15 21:29:40
827,236.01,0.0183,0,0,1,2026-05-15 21:29:40
828,6.62,0.9984,1,1,1,2026-05-15 21:29:40
829,84.28,0.9994,1,1,1,2026-05-15 21:29:40
830,1242.35,0.0637,0,0,1,2026-05-15 21:29:40
831,8.3,0.9996,1,1,1,2026-05-15 21:29:40
832,2.0,0.0861,0,0,1,2026-05-15 21:29:40
833,2.99,0.0263,0,0,1,2026-05-15 21:29:40
834,31.91,0.2909,0,1,0,2026-05-15 21:29:40
835,1.0,0.9844,1,1,1,2026-05-15 21:29:40
836,9.99,0.0312,0,0,1,2026-05-15 21:29:40
837,9.23,0.0125,0,0,1,2026-05-15 21:29:40
838,11.5,0.0126,0,0,1,2026-05-15 21:29:40
839,10.64,0.1584,0,0,1,2026-05-15 21:29:40
840,1.0,0.0113,0,0,1,2026-05-15 21:29:40
841,5.49,0.0125,0,0,1,2026-05-15 21:29:40
842,0.22,0.0384,0,0,1,2026-05-15 21:29:41
843,500.0,0.0266,0,0,1,2026-05-15 21:29:41
844,4.56,0.9997,1,1,1,2026-05-15 21:29:41
845,11.5,0.036,0,0,1,2026-05-15 21:29:41
846,43.84,0.0123,0,0,1,2026-05-15 21:29:41
847,0.92,0.0092,0,0,1,2026-05-15 21:29:41
848,324.59,0.9833,1,1,1,2026-05-15 21:29:41
849,35.9,0.0143,0,0,1,2026-05-15 21:29:41
850,1.0,0.9996,1,1,1,2026-05-15 21:29:41
851,179.66,0.3777,0,1,0,2026-05-15 21:29:41
852,10.78,0.0379,0,0,1,2026-05-15 21:29:41
853,385.77,0.1019,0,0,1,2026-05-15 21:29:41
854,6.27,0.9996,1,1,1,2026-05-15 21:29:41
855,53.95,0.9997,1,1,1,2026-05-15 21:29:41
856,1.0,0.9996,1,1,1,2026-05-15 21:29:41
857,19.0,0.0077,0,0,1,2026-05-15 21:29:41
858,1.0,0.9996,1,1,1,2026-05-15 21:29:41
859,77.89,0.9974,1,1,1,2026-05-15 21:29:41
860,0.01,0.0199,0,0,1,2026-05-15 21:29:41
861,1.0,0.9996,1,1,1,2026-05-15 21:29:41
862,1.0,0.5471,1,1,1,2026-05-15 21:29:41
863,2.22,0.9847,1,1,1,2026-05-15 21:29:41
864,15.72,0.0915,0,0,1,2026-05-15 21:29:41
865,108.51,0.8162,1,1,1,2026-05-15 21:29:42
866,728.0,0.1364,0,0,1,2026-05-15 21:29:42
867,49.83,0.0139,0,0,1,2026-05-15 21:29:42
868,139.9,0.9997,1,1,1,2026-05-15 21:29:42
869,99.99,0.9997,1,1,1,2026-05-15 21:29:42
870,45.51,0.9952,1,1,1,2026-05-15 21:29:42
871,45.0,0.0259,0,0,1,2026-05-15 21:29:42
872,9.99,0.9796,1,1,1,2026-05-15 21:29:42
873,15.98,0.0049,0,0,1,2026-05-15 21:29:42
874,0.89,0.0173,0,0,1,2026-05-15 21:29:42
875,38.27,0.0565,0,0,1,2026-05-15 21:29:42
876,1.98,0.0064,0,0,1,2026-05-15 21:29:42
877,99.99,0.9997,1,1,1,2026-05-15 21:29:42
878,0.0,0.0713,0,0,1,2026-05-15 21:29:42
879,1.0,0.9983,1,1,1,2026-05-15 21:29:42
880,0.76,0.6994,1,1,1,2026-05-15 21:29:42
881,3.79,0.5903,1,1,1,2026-05-15 21:29:42
882,0.76,0.0945,0,0,1,2026-05-15 21:29:43
883,362.55,0.998,1,1,1,2026-05-15 21:29:43
884,5.0,0.9997,1,1,1,2026-05-15 21:29:43
885,49.99,0.0051,0,0,1,2026-05-15 21:29:43
886,720.38,0.9995,1,1,1,2026-05-15 21:29:43
887,391.68,0.0789,0,0,1,2026-05-15 21:29:43
888,1.0,0.9996,1,1,1,2026-05-15 21:29:43
889,106.7,0.0244,0,0,1,2026-05-15 21:29:43
890,0.0,0.9971,1,1,1,2026-05-15 21:29:43
891,64.88,0.0372,0,0,1,2026-05-15 21:29:43
892,65.11,0.0505,0,0,1,2026-05-15 21:29:43
893,0.99,0.013,0,0,1,2026-05-15 21:29:43
894,8.54,0.9997,1,1,1,2026-05-15 21:29:43
895,59.14,0.1176,0,0,1,2026-05-15 21:29:43
896,1.0,0.9855,1,1,1,2026-05-15 21:29:43
897,6.7,0.1117,0,0,1,2026-05-15 21:29:43
898,3.14,0.9742,1,1,1,2026-05-15 21:29:44
899,35.0,0.9895,1,1,1,2026-05-15 21:29:44
900,127.48,0.016,0,0,1,2026-05-15 21:29:44
901,26.99,0.0035,0,0,1,2026-05-15 21:29:44
902,36.0,0.0483,0,0,1,2026-05-15 21:29:44
903,12.31,0.9997,1,1,1,2026-05-15 21:29:44
904,319.2,0.9977,1,1,1,2026-05-15 21:29:44
905,1.0,0.7592,1,1,1,2026-05-15 21:29:44
906,6.23,0.0076,0,0,1,2026-05-15 21:29:44
907,53.95,0.0709,0,0,1,2026-05-15 21:29:44
908,0.77,0.9856,1,1,1,2026-05-15 21:29:44
909,60.0,0.027,0,0,1,2026-05-15 21:29:44
910,1.0,0.8161,1,1,1,2026-05-15 21:29:44
911,2.58,0.018,0,0,1,2026-05-15 21:29:44
912,8.99,0.0054,0,0,1,2026-05-15 21:29:44
913,1.0,0.9834,1,1,1,2026-05-15 21:29:44
914,7.6,0.0073,0,0,1,2026-05-15 21:29:44
915,0.0,0.9986,1,1,1,2026-05-15 21:29:45
916,529.0,0.359,0,1,0,2026-05-15 21:29:45
917,29.99,0.02,0,0,1,2026-05-15 21:29:45
918,0.89,0.0573,0,0,1,2026-05-15 21:29:45
919,204.9,0.0282,0,0,1,2026-05-15 21:29:45
920,99.99,0.9997,1,1,1,2026-05-15 21:29:45
921,19.04,0.9786,1,1,1,2026-05-15 21:29:45
922,1.0,0.9997,1,1,1,2026-05-15 21:29:45
923,7.2,0.0341,0,0,1,2026-05-15 21:29:45
924,435.7,0.0275,0,0,1,2026-05-15 21:29:45
925,0.76,0.9958,1,1,1,2026-05-15 21:29:45
926,1096.99,0.8006,1,1,1,2026-05-15 21:29:45
927,0.0,0.9808,1,1,1,2026-05-15 21:29:45
928,125.3,0.9994,1,1,1,2026-05-15 21:29:45
929,0.0,0.9997,1,1,1,2026-05-15 21:29:45
930,192.63,0.0442,0,0,1,2026-05-15 21:29:45
931,3.96,0.0122,0,0,1,2026-05-15 21:29:46
932,7.59,0.9997,1,1,1,2026-05-15 21:29:46
933,49.99,0.0197,0,0,1,2026-05-15 21:29:46
934,16.48,0.9931,1,1,1,2026-05-15 21:29:46
935,1.0,0.9996,1,1,1,2026-05-15 21:29:46
936,45.48,0.9997,1,1,1,2026-05-15 21:29:46
937,181.78,0.0594,0,0,1,2026-05-15 21:29:46
938,1.0,0.979,1,1,1,2026-05-15 21:29:46
939,0.0,0.9997,1,1,1,2026-05-15 21:29:46
940,99.99,0.9997,1,1,1,2026-05-15 21:29:46
941,146.81,0.0061,0,0,1,2026-05-15 21:29:46
942,29.74,0.0508,0,0,1,2026-05-15 21:29:46
943,1.46,0.0107,0,0,1,2026-05-15 21:29:46
944,21.76,0.0373,0,0,1,2026-05-15 21:29:46
945,634.3,0.8345,1,1,1,2026-05-15 21:29:46
946,2.8,0.0141,0,0,1,2026-05-15 21:29:46
947,108.22,0.0068,0,0,1,2026-05-15 21:29:47
948,8.93,0.008,0,0,1,2026-05-15 21:29:47
949,311.28,0.9954,1,1,1,2026-05-15 21:29:47
950,110.07,0.0166,0,0,1,2026-05-15 21:29:47
951,400.0,0.1443,0,0,1,2026-05-15 21:29:47
952,1.29,0.0592,0,0,1,2026-05-15 21:29:47
953,40.0,0.1022,0,0,1,2026-05-15 21:29:47
954,444.17,0.9996,1,1,1,2026-05-15 21:29:47
955,246.24,0.0154,0,0,1,2026-05-15 21:29:47
956,15.95,0.0932,0,0,1,2026-05-15 21:29:47
957,0.77,0.9996,1,1,1,2026-05-15 21:29:47
958,0.0,0.0904,0,0,1,2026-05-15 21:29:47
959,24.09,0.0134,0,0,1,2026-05-15 21:29:47
960,99.99,0.9997,1,1,1,2026-05-15 21:29:47
961,4.69,0.9997,1,1,1,2026-05-15 21:29:47
962,11.0,0.0368,0,0,1,2026-05-15 21:29:47
963,2.4,0.0542,0,0,1,2026-05-15 21:29:47
964,469.92,0.0321,0,0,1,2026-05-15 21:29:48
965,1.0,0.982,1,1,1,2026-05-15 21:29:48
966,1.1,0.9992,1,1,1,2026-05-15 21:29:48
967,97.0,0.9996,1,1,1,2026-05-15 21:29:48
968,0.77,0.9996,1,1,1,2026-05-15 21:29:48
969,208.58,0.8412,1,1,1,2026-05-15 21:29:48
970,1.0,0.9997,1,1,1,2026-05-15 21:29:48
971,0.76,0.0102,0,0,1,2026-05-15 21:29:48
972,1.0,0.9995,1,1,1,2026-05-15 21:29:48
973,0.0,0.9989,1,1,1,2026-05-15 21:29:48
974,11.88,0.0187,0,0,1,2026-05-15 21:29:48
975,8.9,0.9987,1,1,1,2026-05-15 21:29:48
976,42.53,0.8013,1,1,1,2026-05-15 21:29:48
977,1.0,0.9997,1,1,1,2026-05-15 21:29:48
978,1.98,0.0153,0,0,1,2026-05-15 21:29:48
979,104.03,0.9997,1,1,1,2026-05-15 21:29:48
980,4.57,0.0889,0,0,1,2026-05-15 21:29:48
981,273.01,0.9997,1,1,1,2026-05-15 21:29:49
982,174.98,0.0198,0,0,1,2026-05-15 21:29:49
983,23.32,0.004,0,0,1,2026-05-15 21:29:49
984,14.46,0.9997,1,1,1,2026-05-15 21:29:49
985,720.8,0.9059,1,1,1,2026-05-15 21:29:49
986,717.15,0.9974,1,1,1,2026-05-15 21:29:49
987,0.77,0.9996,1,1,1,2026-05-15 21:29:49
988,2.28,0.9996,1,1,1,2026-05-15 21:29:49
989,0.0,0.9604,1,1,1,2026-05-15 21:29:49
990,187.11,0.7864,1,1,1,2026-05-15 21:29:49
991,0.0,0.9997,1,1,1,2026-05-15 21:29:49
992,64.0,0.0251,0,0,1,2026-05-15 21:29:49
993,1.0,0.9997,1,1,1,2026-05-15 21:29:49
994,150.0,0.0219,0,0,1,2026-05-15 21:29:49
995,99.99,0.9997,1,1,1,2026-05-15 21:29:49
996,1.0,0.9979,1,1,1,2026-05-15 21:29:49
997,354.33,0.6951,1,1,1,2026-05-15 21:29:50
998,42.8,0.0568,0,0,1,2026-05-15 21:29:50
999,50.0,0.9841,1,1,1,2026-05-15 21:29:50
1000,12.31,0.9918,1,1,1,2026-05-15 21:29:50
